Protocollo;Gruppo;DataOraIncidente;Localizzazione1;STRADA1;Localizzazione2;STRADA2;Strada02;Chilometrica;DaSpecificare;NaturaIncidente;particolaritastrade;TipoStrada;FondoStradale;Pavimentazione;Segnaletica;CondizioneAtmosferica;Traffico;Visibilita;Illuminazione;NUM_FERITI;NUM_RISERVATA;NUM_MORTI;NUM_ILLESI;Longitudine;Latitudine;Confermato;Progressivo;TipoVeicolo;StatoVeicolo;TipoPersona;Sesso;Tipolesione;Deceduto;DecedutoDopo;CinturaCascoUtilizzato;Airbag
1705521;13;14/12/2006 09:30;Strada Urbana;VIALE DEI ROMAGNOLI;in corrispondenza;;del civico n. ;861;;Tamponamento;Rettilineo;Una carreggiata a doppio senso;Asciutto;Asfaltata;Orizzontale;Nuvoloso;Normale;Buona;Ore Diurne;1;0;0;1;;;-1;2;Autovettura privata;In marcia / fermata / arresto;Conducente;M;Illeso;0;;Non accertato;Inesistente
1705522;13;14/12/2006 11:25;Strada Urbana;VIA DEI PESCATORI;all'intersezione con;VIA DI CASAL PALOCCO;VIA DI CASAL PALOCCO;;;Scontro laterale fra veicoli in marcia;Incrocio;Due carreggiate;Asciutto;Asfaltata;Orizzontale;Nuvoloso;Normale;Buona;Ore Diurne;0;0;0;2;;;-1;1;Autovettura privata;In marcia / fermata / arresto;Conducente;M;Illeso;0;;Non accertato;Inesploso
1705522;13;14/12/2006 11:25;Strada Urbana;VIA DEI PESCATORI;all'intersezione con;VIA DI CASAL PALOCCO;VIA DI CASAL PALOCCO;;;Scontro laterale fra veicoli in marcia;Incrocio;Due carreggiate;Asciutto;Asfaltata;Orizzontale;Nuvoloso;Normale;Buona;Ore Diurne;0;0;0;2;;;-1;2;Autovettura privata;In marcia / fermata / arresto;Conducente;M;Illeso;0;;Non accertato;Inesploso
1705523;13;14/12/2006 13:10;Strada Urbana;VIA DELLA VERBENA;all'intersezione con;VIA GIOVANNI LEONARDI;VIA GIOVANNI LEONARDI;;;Scontro frontale/laterale DX fra veicoli in marcia;Incrocio;Una carreggiata a senso unico di marcia;Asciutto;Asfaltata;Verticale ed orizzontale;Sereno;Scarso;Buona;Ore Diurne;2;0;0;1;;;-1;1;Autovettura privata;In marcia / fermata / arresto;Conducente;F;Illeso;0;;Non accertato;Inesploso
1705523;13;14/12/2006 13:10;Strada Urbana;VIA DELLA VERBENA;all'intersezione con;VIA GIOVANNI LEONARDI;VIA GIOVANNI LEONARDI;;;Scontro frontale/laterale DX fra veicoli in marcia;Incrocio;Una carreggiata a senso unico di marcia;Asciutto;Asfaltata;Verticale ed orizzontale;Sereno;Scarso;Buona;Ore Diurne;2;0;0;1;;;-1;2;Autovettura privata;In marcia / fermata / arresto;Conducente;M;Rimandato;0;NON DECEDUTO;Non accertato;Inesistente
1705523;13;14/12/2006 13:10;Strada Urbana;VIA DELLA VERBENA;all'intersezione con;VIA GIOVANNI LEONARDI;VIA GIOVANNI LEONARDI;;;Scontro frontale/laterale DX fra veicoli in marcia;Incrocio;Una carreggiata a senso unico di marcia;Asciutto;Asfaltata;Verticale ed orizzontale;Sereno;Scarso;Buona;Ore Diurne;2;0;0;1;;;-1;2;Autovettura privata;In marcia / fermata / arresto;Passeggero;M;Rimandato;0;NON DECEDUTO;Non accertato;Inesistente
1705524;13;14/12/2006 14:30;Strada Urbana;VIA DELLE AZZORRE;all'intersezione con;VIA DELLE BALEARI;VIA DELLE BALEARI;;;Scontro frontale/laterale DX fra veicoli in marcia;Intersezione stradale segnalata;Due carreggiate;Asciutto;Asfaltata;Verticale ed orizzontale;Nuvoloso;Scarso;Buona;Ore Diurne;1;0;0;2;;;-1;1;Autovettura privata;In marcia / fermata / arresto;Conducente;F;Illeso;0;;Non accertato;Inesistente
1705524;13;14/12/2006 14:30;Strada Urbana;VIA DELLE AZZORRE;all'intersezione con;VIA DELLE BALEARI;VIA DELLE BALEARI;;;Scontro frontale/laterale DX fra veicoli in marcia;Intersezione stradale segnalata;Due carreggiate;Asciutto;Asfaltata;Verticale ed orizzontale;Nuvoloso;Scarso;Buona;Ore Diurne;1;0;0;2;;;-1;2;Autovettura privata;In marcia / fermata / arresto;Conducente;F;Rimandato;0;NON DECEDUTO;Non accertato;Inesistente
1705524;13;14/12/2006 14:30;Strada Urbana;VIA DELLE AZZORRE;all'intersezione con;VIA DELLE BALEARI;VIA DELLE BALEARI;;;Scontro frontale/laterale DX fra veicoli in marcia;Intersezione stradale segnalata;Due carreggiate;Asciutto;Asfaltata;Verticale ed orizzontale;Nuvoloso;Scarso;Buona;Ore Diurne;1;0;0;2;;;-1;2;Autovettura privata;In marcia / fermata / arresto;Passeggero;F;Illeso;0;;Non accertato;Inesistente
1705526;13;14/12/2006 23:25;Strada Urbana;VIA EUGENIO CECCONI;all'intersezione con;VIA DI MACCHIA PALOCCO;VIA DI MACCHIA PALOCCO;;;Veicolo in marcia contro veicolo in sosta;Incrocio;Una carreggiata a doppio senso;Asciutto;Asfaltata;Verticale;Sereno;Scarso;Buona;Sufficiente;0;0;0;1;;;-1;2;Autobus di linea;In marcia / fermata / arresto;Conducente;M;Illeso;0;;Esente;Inesistente
1705527;13;14/12/2006 23:35;Strada Urbana;VIA EUGENIO CECCONI;all'intersezione con;VIA DI MACCHIA PALOCCO;VIA DI MACCHIA PALOCCO;;;Veicolo in marcia contro veicolo in sosta;Incrocio;Una carreggiata a doppio senso;Asciutto;Asfaltata;Verticale;Sereno;Scarso;Buona;Sufficiente;0;0;0;1;;;-1;2;Autobus di linea;In marcia / fermata / arresto;Conducente;M;Illeso;0;;Non accertato;Inesistente
1705528;13;15/12/2006 01:30;Strada Urbana;VIA DEL MARE;all'intersezione con;VIA LUIGI CALZA;VIA LUIGI CALZA;;;Tamponamento;Incrocio;Una carreggiata a senso unico di marcia;Asciutto;Asfaltata;Verticale ed orizzontale;Sereno;Scarso;Buona;Sufficiente;1;0;0;1;;;-1;1;Autovettura privata;In marcia / fermata / arresto;Conducente;M;Illeso;0;;Utilizzato;Inesistente
1705528;13;15/12/2006 01:30;Strada Urbana;VIA DEL MARE;all'intersezione con;VIA LUIGI CALZA;VIA LUIGI CALZA;;;Tamponamento;Incrocio;Una carreggiata a senso unico di marcia;Asciutto;Asfaltata;Verticale ed orizzontale;Sereno;Scarso;Buona;Sufficiente;1;0;0;1;;;-1;2;Autovettura privata;In marcia / fermata / arresto;Conducente;M;Rimandato;0;NON DECEDUTO;Utilizzato;Inesistente
1705530;15;14/12/2006 06:30;Strada Urbana;VIA DI PONTE GALERIA;all'intersezione con;VIA DELLE MORATELLE;VIA DELLE MORATELLE;;;Scontro frontale fra veicoli in marcia;Incrocio;Una carreggiata a doppio senso;Asciutto;Asfaltata;Assente;Sereno;Normale;Buona;Ore Diurne;0;0;0;2;;;-1;1;Autovettura privata;In marcia / fermata / arresto;Conducente;M;Illeso;0;;Non accertato;Inesistente
1705530;15;14/12/2006 06:30;Strada Urbana;VIA DI PONTE GALERIA;all'intersezione con;VIA DELLE MORATELLE;VIA DELLE MORATELLE;;;Scontro frontale fra veicoli in marcia;Incrocio;Una carreggiata a doppio senso;Asciutto;Asfaltata;Assente;Sereno;Normale;Buona;Ore Diurne;0;0;0;2;;;-1;2;Autovettura privata;In marcia / fermata / arresto;Conducente;M;Illeso;0;;Non accertato;Inesistente
1705531;15;14/12/2006 11:30;Strada Urbana;VIA PORTUENSE;da specificare;;;;ALTEZZA VIA NEGRELLI;Veicolo in marcia contro ostacolo accidentale;Rettilineo;Una carreggiata a doppio senso;Viscido da liquidi oleosi;Asfaltata;Orizzontale;Pioggia in atto;Normale;Buona;Ore Diurne;1;0;0;0;;;-1;1;Motociclo a solo;In marcia / fermata / arresto;Conducente;M;Rimandato;0;NON DECEDUTO;Utilizzato;Inesistente
1705532;15;14/12/2006 11:35;Strada Urbana;VIA PORTUENSE;in prossimità;;del civico n. ;1425;;Tamponamento;Rettilineo;Una carreggiata a doppio senso;Viscido da liquidi oleosi;Asfaltata;Verticale ed orizzontale;Nuvoloso;Normale;Buona;Ore Diurne;0;0;0;3;;;-1;1;Autovettura privata;In marcia / fermata / arresto;Conducente;F;Illeso;0;;Utilizzato;Inesistente
1705532;15;14/12/2006 11:35;Strada Urbana;VIA PORTUENSE;in prossimità;;del civico n. ;1425;;Tamponamento;Rettilineo;Una carreggiata a doppio senso;Viscido da liquidi oleosi;Asfaltata;Verticale ed orizzontale;Nuvoloso;Normale;Buona;Ore Diurne;0;0;0;3;;;-1;2;Autovettura privata;In marcia / fermata / arresto;Conducente;F;Illeso;0;;Utilizzato;Inesistente
1705532;15;14/12/2006 11:35;Strada Urbana;VIA PORTUENSE;in prossimità;;del civico n. ;1425;;Tamponamento;Rettilineo;Una carreggiata a doppio senso;Viscido da liquidi oleosi;Asfaltata;Verticale ed orizzontale;Nuvoloso;Normale;Buona;Ore Diurne;0;0;0;3;;;-1;2;Autovettura privata;In marcia / fermata / arresto;Passeggero;F;Illeso;0;;Utilizzato;Inesistente
1705533;15;14/12/2006 15:15;Strada Urbana;PIAZZA AUGUSTO RIGHI;all'intersezione semaforizzata con;LUNGOTEVERE DI PIETRA PAPA;LUNGOTEVERE DI PIETRA PAPA;;;Infortunio per caduta del veicolo;Incrocio;Una carreggiata a doppio senso;Asciutto;Asfaltata;Verticale ed orizzontale;Nuvoloso;Intenso;Buona;Ore Diurne;1;0;0;1;;;-1;1;Motociclo a solo;In marcia / fermata / arresto;Conducente;M;Rimandato;0;NON DECEDUTO;Utilizzato;Inesistente
1705533;15;14/12/2006 15:15;Strada Urbana;PIAZZA AUGUSTO RIGHI;all'intersezione semaforizzata con;LUNGOTEVERE DI PIETRA PAPA;LUNGOTEVERE DI PIETRA PAPA;;;Infortunio per caduta del veicolo;Incrocio;Una carreggiata a doppio senso;Asciutto;Asfaltata;Verticale ed orizzontale;Nuvoloso;Intenso;Buona;Ore Diurne;1;0;0;1;;;-1;2;Autovettura privata;In marcia / fermata / arresto;Conducente;M;Illeso;0;;Utilizzato;Inesistente
1705534;15;15/12/2006 03:20;Strada Urbana;VIA DELLA MAGLIANA;in prossimità;;del civico n. ;63;;Scontro frontale fra veicoli in marcia;Curva a visuale libera;Una carreggiata a doppio senso;Asciutto;Asfaltata;Orizzontale;Sereno;Scarso;Buona;Sufficiente;1;0;0;1;;;-1;1;Autovettura privata;In marcia / fermata / arresto;Conducente;M;Rimandato;0;NON DECEDUTO;Utilizzato;Inesistente
1705534;15;15/12/2006 03:20;Strada Urbana;VIA DELLA MAGLIANA;in prossimità;;del civico n. ;63;;Scontro frontale fra veicoli in marcia;Curva a visuale libera;Una carreggiata a doppio senso;Asciutto;Asfaltata;Orizzontale;Sereno;Scarso;Buona;Sufficiente;1;0;0;1;;;-1;2;Autovettura privata;In marcia / fermata / arresto;Conducente;M;Illeso;0;;Utilizzato;Inesistente
1705535;16;06/12/2006 15:30;Strada Urbana;VIA PORTUENSE;in corrispondenza;;del civico n. ;68;;Scontro frontale/laterale SX fra veicoli in marcia;Rettilineo;Una carreggiata a doppio senso;Asciutto;Asfaltata;Orizzontale;Sereno;Normale;Buona;Ore Diurne;1;0;0;1;;;-1;1;Autovettura privata;In marcia / fermata / arresto;Conducente;M;Illeso;0;;Non accertato;Inesistente
1705535;16;06/12/2006 15:30;Strada Urbana;VIA PORTUENSE;in corrispondenza;;del civico n. ;68;;Scontro frontale/laterale SX fra veicoli in marcia;Rettilineo;Una carreggiata a doppio senso;Asciutto;Asfaltata;Orizzontale;Sereno;Normale;Buona;Ore Diurne;1;0;0;1;;;-1;2;Motociclo a solo;In marcia / fermata / arresto;Conducente;M;Rimandato;0;NON DECEDUTO;Non accertato;Inesistente
1705536;16;06/12/2006 16:00;Strada Urbana;VIA OTTAVIO GASPARRI;in prossimità;;del palo luce n. ;16;;Veicolo in marcia contro veicolo fermo;Curva a visuale libera;Due carreggiate;Asciutto;Asfaltata;Assente;Sereno;Intenso;Buona;Sufficiente;1;0;0;1;;;-1;1;Autovettura privata;In marcia / fermata / arresto;Conducente;F;Illeso;0;;Non accertato;Inesistente
1705536;16;06/12/2006 16:00;Strada Urbana;VIA OTTAVIO GASPARRI;in prossimità;;del palo luce n. ;16;;Veicolo in marcia contro veicolo fermo;Curva a visuale libera;Due carreggiate;Asciutto;Asfaltata;Assente;Sereno;Intenso;Buona;Sufficiente;1;0;0;1;;;-1;2;Motociclo a solo;In marcia / fermata / arresto;Conducente;M;Rimandato;0;NON DECEDUTO;Non accertato;Inesistente
1705537;16;07/12/2006 10:30;Strada Urbana;VIA DI BRAVETTA;in prossimità;;del civico n. ;456;;Investimento di pedone;Rettilineo;Una carreggiata a doppio senso;Asciutto;Asfaltata;Orizzontale;Sereno;Normale;Buona;Ore Diurne;1;0;0;1;;;-1;;;;Pedone;M;Rimandato;0;NON DECEDUTO;;
1705537;16;07/12/2006 10:30;Strada Urbana;VIA DI BRAVETTA;in prossimità;;del civico n. ;456;;Investimento di pedone;Rettilineo;Una carreggiata a doppio senso;Asciutto;Asfaltata;Orizzontale;Sereno;Normale;Buona;Ore Diurne;1;0;0;1;;;-1;1;Autovettura privata;In marcia / fermata / arresto;Conducente;M;Illeso;0;;Non accertato;Inesploso
1705538;16;07/12/2006 15:20;Strada Urbana;PIAZZA CARLO FORLANINI;da specificare;;;;fronte ingresso ospedale forlanini;Infortunio per caduta del veicolo;Rettilineo;Due carreggiate;Bagnato (pioggia);Asfaltata;Assente;Nebbia;Scarso;Sufficiente;Ore Diurne;1;0;0;1;;;-1;1;Ciclomotore;In marcia / fermata / arresto;Conducente;F;Rimandato;0;NON DECEDUTO;Non accertato;Inesistente
1705538;16;07/12/2006 15:20;Strada Urbana;PIAZZA CARLO FORLANINI;da specificare;;;;fronte ingresso ospedale forlanini;Infortunio per caduta del veicolo;Rettilineo;Due carreggiate;Bagnato (pioggia);Asfaltata;Assente;Nebbia;Scarso;Sufficiente;Ore Diurne;1;0;0;1;;;-1;2;Autovettura privata;In marcia / fermata / arresto;Conducente;F;Illeso;0;;Non accertato;Inesistente
1705539;16;07/12/2006 18:30;Strada Urbana;VIA DI BRAVETTA;in corrispondenza;;del civico n. ;411;;Investimento di pedone;Rettilineo;Una carreggiata a doppio senso;Bagnato (pioggia);Asfaltata;Orizzontale;Nuvoloso;Normale;Buona;Sufficiente;1;0;0;1;;;-1;;;;Pedone;F;Rimandato;0;NON DECEDUTO;;
1705539;16;07/12/2006 18:30;Strada Urbana;VIA DI BRAVETTA;in corrispondenza;;del civico n. ;411;;Investimento di pedone;Rettilineo;Una carreggiata a doppio senso;Bagnato (pioggia);Asfaltata;Orizzontale;Nuvoloso;Normale;Buona;Sufficiente;1;0;0;1;;;-1;1;Autovettura privata;In marcia / fermata / arresto;Conducente;M;Illeso;0;;Non accertato;Inesistente
1705540;16;14/12/2006 10:45;Strada Urbana;VIA GIACINTO CARINI;all'intersezione con;VIA ORESTE REGNOLI;VIA ORESTE REGNOLI;;;Scontro laterale fra veicoli in marcia;Intersezione non regolata/non segnalata;Una carreggiata a doppio senso;Asciutto;Asfaltata;Orizzontale;Sereno;Normale;Sufficiente;Ore Diurne;0;0;0;2;;;-1;1;Autovettura privata;In marcia / fermata / arresto;Conducente;F;Illeso;0;;Non accertato;Inesistente
1705540;16;14/12/2006 10:45;Strada Urbana;VIA GIACINTO CARINI;all'intersezione con;VIA ORESTE REGNOLI;VIA ORESTE REGNOLI;;;Scontro laterale fra veicoli in marcia;Intersezione non regolata/non segnalata;Una carreggiata a doppio senso;Asciutto;Asfaltata;Orizzontale;Sereno;Normale;Sufficiente;Ore Diurne;0;0;0;2;;;-1;2;Motociclo a solo;In marcia / fermata / arresto;Conducente;M;Illeso;0;;Non accertato;Inesistente
1705546;18;12/12/2006 07:10;Strada Urbana;VIA DI BOCCEA;in corrispondenza;;del civico n. ;162;;Veicolo in marcia contro ostacolo accidentale;Rettilineo;Due carreggiate;Asciutto;Asfaltata;Verticale ed orizzontale;Sereno;Intenso;Buona;Ore Diurne;2;0;0;0;;;-1;1;Motociclo con passeggero;In marcia / fermata / arresto;Conducente;M;Rimandato;0;NON DECEDUTO;Non accertato;Inesistente
1705546;18;12/12/2006 07:10;Strada Urbana;VIA DI BOCCEA;in corrispondenza;;del civico n. ;162;;Veicolo in marcia contro ostacolo accidentale;Rettilineo;Due carreggiate;Asciutto;Asfaltata;Verticale ed orizzontale;Sereno;Intenso;Buona;Ore Diurne;2;0;0;0;;;-1;1;Motociclo con passeggero;In marcia / fermata / arresto;Passeggero;M;Rimandato;0;NON DECEDUTO;Non accertato;Inesistente
1705547;18;14/12/2006 14:20;Strada Urbana;VIA MARTINO V;all'intersezione con;VIA DEL FORTE BOCCEA;VIA DEL FORTE BOCCEA;;;Scontro frontale/laterale SX fra veicoli in marcia;Intersezione stradale segnalata;Una carreggiata a senso unico di marcia;Asciutto;Asfaltata;Verticale ed orizzontale;Nuvoloso;Normale;Buona;Ore Diurne;1;0;0;2;;;-1;1;Autovettura privata;In marcia / fermata / arresto;Conducente;F;Illeso;0;;Non accertato;Inesistente
1705547;18;14/12/2006 14:20;Strada Urbana;VIA MARTINO V;all'intersezione con;VIA DEL FORTE BOCCEA;VIA DEL FORTE BOCCEA;;;Scontro frontale/laterale SX fra veicoli in marcia;Intersezione stradale segnalata;Una carreggiata a senso unico di marcia;Asciutto;Asfaltata;Verticale ed orizzontale;Nuvoloso;Normale;Buona;Ore Diurne;1;0;0;2;;;-1;1;Autovettura privata;In marcia / fermata / arresto;Passeggero;F;Illeso;0;;Non accertato;Inesistente
1705547;18;14/12/2006 14:20;Strada Urbana;VIA MARTINO V;all'intersezione con;VIA DEL FORTE BOCCEA;VIA DEL FORTE BOCCEA;;;Scontro frontale/laterale SX fra veicoli in marcia;Intersezione stradale segnalata;Una carreggiata a senso unico di marcia;Asciutto;Asfaltata;Verticale ed orizzontale;Nuvoloso;Normale;Buona;Ore Diurne;1;0;0;2;;;-1;2;Ciclomotore;In marcia / fermata / arresto;Conducente;M;Rimandato;0;NON DECEDUTO;Non accertato;Inesistente
1705548;18;15/12/2006 08:40;Strada Urbana;VIA LEONE XIII;in prossimità;;del civico n. ;327;;Tamponamento;Rettilineo;Due carreggiate;Asciutto;Asfaltata;Verticale ed orizzontale;Sereno;Normale;Buona;Ore Diurne;1;0;0;3;;;-1;1;Autovettura privata;In marcia / fermata / arresto;Conducente;F;Illeso;0;;Non accertato;Inesistente
1705548;18;15/12/2006 08:40;Strada Urbana;VIA LEONE XIII;in prossimità;;del civico n. ;327;;Tamponamento;Rettilineo;Due carreggiate;Asciutto;Asfaltata;Verticale ed orizzontale;Sereno;Normale;Buona;Ore Diurne;1;0;0;3;;;-1;1;Autovettura privata;In marcia / fermata / arresto;Passeggero;M;Illeso;0;;Non accertato;Inesistente
1705548;18;15/12/2006 08:40;Strada Urbana;VIA LEONE XIII;in prossimità;;del civico n. ;327;;Tamponamento;Rettilineo;Due carreggiate;Asciutto;Asfaltata;Verticale ed orizzontale;Sereno;Normale;Buona;Ore Diurne;1;0;0;3;;;-1;1;Autovettura privata;In marcia / fermata / arresto;Passeggero;M;Illeso;0;;Non accertato;Inesistente
1705548;18;15/12/2006 08:40;Strada Urbana;VIA LEONE XIII;in prossimità;;del civico n. ;327;;Tamponamento;Rettilineo;Due carreggiate;Asciutto;Asfaltata;Verticale ed orizzontale;Sereno;Normale;Buona;Ore Diurne;1;0;0;3;;;-1;2;Motociclo a solo;In marcia / fermata / arresto;Conducente;M;Rifiuta cure immediate;0;NON DECEDUTO;Non accertato;Inesistente
1705549;18;15/12/2006 09:15;Strada Urbana;VIA NOSTRA SIGNORA DI LOURDES;in prossimità;;del civico n. ;31;;Infortunio per sola frenata improvvisa;Curva a visuale libera;Una carreggiata a doppio senso;Asciutto;Asfaltata;Orizzontale;Sereno;Normale;Buona;Ore Diurne;1;0;0;0;;;-1;1;Motociclo a solo;In marcia / fermata / arresto;Conducente;F;Rimandato;0;NON DECEDUTO;Utilizzato;Inesistente
1705550;18;15/12/2006 10:00;Strada Urbana;VIA ETTORE STAMPINI;all'intersezione con;VIA UMBERTO MORICCA;VIA UMBERTO MORICCA;;;Scontro frontale fra veicoli in marcia;Intersezione stradale segnalata;Una carreggiata a doppio senso;Asciutto;Asfaltata;Verticale ed orizzontale;Sereno;Normale;Buona;Ore Diurne;0;0;0;3;;;-1;1;Autovettura privata;In marcia / fermata / arresto;Conducente;F;Illeso;0;;Non accertato;Inesistente
1705550;18;15/12/2006 10:00;Strada Urbana;VIA ETTORE STAMPINI;all'intersezione con;VIA UMBERTO MORICCA;VIA UMBERTO MORICCA;;;Scontro frontale fra veicoli in marcia;Intersezione stradale segnalata;Una carreggiata a doppio senso;Asciutto;Asfaltata;Verticale ed orizzontale;Sereno;Normale;Buona;Ore Diurne;0;0;0;3;;;-1;1;Autovettura privata;In marcia / fermata / arresto;Passeggero;M;Illeso;0;;Utilizzato;Inesistente
1705550;18;15/12/2006 10:00;Strada Urbana;VIA ETTORE STAMPINI;all'intersezione con;VIA UMBERTO MORICCA;VIA UMBERTO MORICCA;;;Scontro frontale fra veicoli in marcia;Intersezione stradale segnalata;Una carreggiata a doppio senso;Asciutto;Asfaltata;Verticale ed orizzontale;Sereno;Normale;Buona;Ore Diurne;0;0;0;3;;;-1;2;Autovettura privata;In marcia / fermata / arresto;Conducente;M;Illeso;0;;Non accertato;Inesploso
1705551;19;15/12/2006 01:50;Strada Urbana;VIA PIETRO GASPARRI;all'intersezione con;VIA LODOVICO JACOBINI;VIA LODOVICO JACOBINI;;;Scontro frontale/laterale DX fra veicoli in marcia;Incrocio;Una carreggiata a doppio senso;Asciutto;Asfaltata;Verticale ed orizzontale;Sereno;Scarso;Sufficiente;Sufficiente;2;0;0;1;;;-1;1;Autovettura privata;In marcia / fermata / arresto;Conducente;F;Rimandato;0;NON DECEDUTO;Utilizzato;Inesploso
1705551;19;15/12/2006 01:50;Strada Urbana;VIA PIETRO GASPARRI;all'intersezione con;VIA LODOVICO JACOBINI;VIA LODOVICO JACOBINI;;;Scontro frontale/laterale DX fra veicoli in marcia;Incrocio;Una carreggiata a doppio senso;Asciutto;Asfaltata;Verticale ed orizzontale;Sereno;Scarso;Sufficiente;Sufficiente;2;0;0;1;;;-1;2;Autovettura privata;In marcia / fermata / arresto;Conducente;M;Rimandato;0;NON DECEDUTO;Utilizzato;Inesploso
1705551;19;15/12/2006 01:50;Strada Urbana;VIA PIETRO GASPARRI;all'intersezione con;VIA LODOVICO JACOBINI;VIA LODOVICO JACOBINI;;;Scontro frontale/laterale DX fra veicoli in marcia;Incrocio;Una carreggiata a doppio senso;Asciutto;Asfaltata;Verticale ed orizzontale;Sereno;Scarso;Sufficiente;Sufficiente;2;0;0;1;;;-1;2;Autovettura privata;In marcia / fermata / arresto;Passeggero;M;Illeso;0;;Utilizzato;Inesistente
1705553;19;14/12/2006 20:15;Strada Urbana;VIA DEI MONTI DI PRIMAVALLE;in prossimità;;del civico n. ;26;;Scontro frontale/laterale SX fra veicoli in marcia;Rettilineo;Una carreggiata a doppio senso;Asciutto;Asfaltata;Assente;Sereno;Normale;Buona;Sufficiente;1;0;0;1;;;-1;1;Motociclo a solo;In marcia / fermata / arresto;Conducente;M;Rimandato;0;NON DECEDUTO;Utilizzato;Inesistente
1705553;19;14/12/2006 20:15;Strada Urbana;VIA DEI MONTI DI PRIMAVALLE;in prossimità;;del civico n. ;26;;Scontro frontale/laterale SX fra veicoli in marcia;Rettilineo;Una carreggiata a doppio senso;Asciutto;Asfaltata;Assente;Sereno;Normale;Buona;Sufficiente;1;0;0;1;;;-1;2;Autovettura privata;In marcia / fermata / arresto;Conducente;M;Illeso;0;;Utilizzato;Inesploso
1705554;1;13/12/2006 19:00;Strada Urbana;VIA CAVOUR;in corrispondenza;;del civico n. ;331;;Scontro laterale fra veicoli in marcia;Rettilineo;Una carreggiata a doppio senso;Asciutto;Asfaltata;Verticale ed orizzontale;Sereno;Intenso;Buona;Sufficiente;1;0;0;1;;;-1;1;Motociclo a solo;In marcia / fermata / arresto;Conducente;F;Rifiuta cure immediate;0;NON DECEDUTO;Non accertato;Inesistente
1705554;1;13/12/2006 19:00;Strada Urbana;VIA CAVOUR;in corrispondenza;;del civico n. ;331;;Scontro laterale fra veicoli in marcia;Rettilineo;Una carreggiata a doppio senso;Asciutto;Asfaltata;Verticale ed orizzontale;Sereno;Intenso;Buona;Sufficiente;1;0;0;1;;;-1;2;Ciclomotore;In marcia / fermata / arresto;Conducente;M;Illeso;0;;Utilizzato;Inesistente
1705557;1;14/12/2006 20:20;Strada Urbana;LUNGOTEVERE TESTACCIO;all'intersezione con;VIA BENIAMINO FRANKLIN;VIA BENIAMINO FRANKLIN;;;Scontro frontale/laterale SX fra veicoli in marcia;Intersezione non regolata/non segnalata;Una carreggiata a doppio senso;Asciutto;Asfaltata;Verticale ed orizzontale;Sereno;Normale;Sufficiente;Sufficiente;1;0;0;1;;;-1;1;Ciclomotore;In marcia / fermata / arresto;Conducente;M;Rimandato;0;NON DECEDUTO;Non accertato;Inesistente
1705557;1;14/12/2006 20:20;Strada Urbana;LUNGOTEVERE TESTACCIO;all'intersezione con;VIA BENIAMINO FRANKLIN;VIA BENIAMINO FRANKLIN;;;Scontro frontale/laterale SX fra veicoli in marcia;Intersezione non regolata/non segnalata;Una carreggiata a doppio senso;Asciutto;Asfaltata;Verticale ed orizzontale;Sereno;Normale;Sufficiente;Sufficiente;1;0;0;1;;;-1;2;Autocarro inferiore 35 q.;In marcia / fermata / arresto;Conducente;M;Illeso;0;;Non accertato;Inesistente
1705558;1;14/12/2006 22:30;Strada Urbana;VIA UMBERTO BIANCAMANO;all'intersezione con;VIA FEDERICO SCLOPIS;VIA FEDERICO SCLOPIS;;;Scontro frontale/laterale SX fra veicoli in marcia;Intersezione non regolata/non segnalata;Una carreggiata a senso unico alternato;Asciutto;Asfaltata;Assente;Sereno;Scarso;Sufficiente;Sufficiente;1;0;0;3;;;-1;1;Autovettura privata;In marcia / fermata / arresto;Conducente;M;Illeso;0;;Non accertato;Inesistente
1705558;1;14/12/2006 22:30;Strada Urbana;VIA UMBERTO BIANCAMANO;all'intersezione con;VIA FEDERICO SCLOPIS;VIA FEDERICO SCLOPIS;;;Scontro frontale/laterale SX fra veicoli in marcia;Intersezione non regolata/non segnalata;Una carreggiata a senso unico alternato;Asciutto;Asfaltata;Assente;Sereno;Scarso;Sufficiente;Sufficiente;1;0;0;3;;;-1;1;Autovettura privata;In marcia / fermata / arresto;Passeggero;M;Illeso;0;;Non accertato;Inesistente
1705558;1;14/12/2006 22:30;Strada Urbana;VIA UMBERTO BIANCAMANO;all'intersezione con;VIA FEDERICO SCLOPIS;VIA FEDERICO SCLOPIS;;;Scontro frontale/laterale SX fra veicoli in marcia;Intersezione non regolata/non segnalata;Una carreggiata a senso unico alternato;Asciutto;Asfaltata;Assente;Sereno;Scarso;Sufficiente;Sufficiente;1;0;0;3;;;-1;2;Autovettura privata;In marcia / fermata / arresto;Conducente;M;Illeso;0;;Non accertato;Inesistente
1705558;1;14/12/2006 22:30;Strada Urbana;VIA UMBERTO BIANCAMANO;all'intersezione con;VIA FEDERICO SCLOPIS;VIA FEDERICO SCLOPIS;;;Scontro frontale/laterale SX fra veicoli in marcia;Intersezione non regolata/non segnalata;Una carreggiata a senso unico alternato;Asciutto;Asfaltata;Assente;Sereno;Scarso;Sufficiente;Sufficiente;1;0;0;3;;;-1;2;Autovettura privata;In marcia / fermata / arresto;Passeggero;F;Rifiuta cure immediate;0;NON DECEDUTO;Non accertato;Inesistente