Protocollo;Gruppo;DataOraIncidente;Localizzazione1;STRADA1;Localizzazione2;STRADA2;Strada02;Chilometrica;DaSpecificare;NaturaIncidente;particolaritastrade;TipoStrada;FondoStradale;Pavimentazione;Segnaletica;CondizioneAtmosferica;Traffico;Visibilita;Illuminazione;NUM_FERITI;NUM_RISERVATA;NUM_MORTI;NUM_ILLESI;Longitudine;Latitudine;Confermato;Progressivo;TipoVeicolo;StatoVeicolo;TipoPersona;Sesso;Tipolesione;Deceduto;DecedutoDopo;CinturaCascoUtilizzato;Airbag
1706388;1;21/12/2006 03:45;Strada Urbana;PIAZZA DEL COLOSSEO;all'intersezione semaforizzata con;VIA NICOLA SALVI;VIA NICOLA SALVI;;;Scontro laterale fra veicoli in marcia;Intersezione semaforizzata;Una carreggiata a senso unico di marcia;Asciutto;Asfaltata;Verticale ed orizzontale;Sereno;Scarso;Buona;Sufficiente;0;0;0;7;;;-1;1;Autovettura privata;In marcia / fermata / arresto;Conducente;M;Illeso;0;;Non accertato;Inesistente
1706388;1;21/12/2006 03:45;Strada Urbana;PIAZZA DEL COLOSSEO;all'intersezione semaforizzata con;VIA NICOLA SALVI;VIA NICOLA SALVI;;;Scontro laterale fra veicoli in marcia;Intersezione semaforizzata;Una carreggiata a senso unico di marcia;Asciutto;Asfaltata;Verticale ed orizzontale;Sereno;Scarso;Buona;Sufficiente;0;0;0;7;;;-1;1;Autovettura privata;In marcia / fermata / arresto;Passeggero;M;Illeso;0;;Non accertato;Inesploso
1706388;1;21/12/2006 03:45;Strada Urbana;PIAZZA DEL COLOSSEO;all'intersezione semaforizzata con;VIA NICOLA SALVI;VIA NICOLA SALVI;;;Scontro laterale fra veicoli in marcia;Intersezione semaforizzata;Una carreggiata a senso unico di marcia;Asciutto;Asfaltata;Verticale ed orizzontale;Sereno;Scarso;Buona;Sufficiente;0;0;0;7;;;-1;1;Autovettura privata;In marcia / fermata / arresto;Passeggero;M;Illeso;0;;Non accertato;Inesploso
1706388;1;21/12/2006 03:45;Strada Urbana;PIAZZA DEL COLOSSEO;all'intersezione semaforizzata con;VIA NICOLA SALVI;VIA NICOLA SALVI;;;Scontro laterale fra veicoli in marcia;Intersezione semaforizzata;Una carreggiata a senso unico di marcia;Asciutto;Asfaltata;Verticale ed orizzontale;Sereno;Scarso;Buona;Sufficiente;0;0;0;7;;;-1;1;Autovettura privata;In marcia / fermata / arresto;Passeggero;M;Illeso;0;;Non accertato;Inesploso
1706388;1;21/12/2006 03:45;Strada Urbana;PIAZZA DEL COLOSSEO;all'intersezione semaforizzata con;VIA NICOLA SALVI;VIA NICOLA SALVI;;;Scontro laterale fra veicoli in marcia;Intersezione semaforizzata;Una carreggiata a senso unico di marcia;Asciutto;Asfaltata;Verticale ed orizzontale;Sereno;Scarso;Buona;Sufficiente;0;0;0;7;;;-1;2;Autovettura privata;In marcia / fermata / arresto;Conducente;M;Illeso;0;;Non accertato;Inesploso
1706388;1;21/12/2006 03:45;Strada Urbana;PIAZZA DEL COLOSSEO;all'intersezione semaforizzata con;VIA NICOLA SALVI;VIA NICOLA SALVI;;;Scontro laterale fra veicoli in marcia;Intersezione semaforizzata;Una carreggiata a senso unico di marcia;Asciutto;Asfaltata;Verticale ed orizzontale;Sereno;Scarso;Buona;Sufficiente;0;0;0;7;;;-1;2;Autovettura privata;In marcia / fermata / arresto;Passeggero;M;Illeso;0;;Non accertato;Inesploso
1706388;1;21/12/2006 03:45;Strada Urbana;PIAZZA DEL COLOSSEO;all'intersezione semaforizzata con;VIA NICOLA SALVI;VIA NICOLA SALVI;;;Scontro laterale fra veicoli in marcia;Intersezione semaforizzata;Una carreggiata a senso unico di marcia;Asciutto;Asfaltata;Verticale ed orizzontale;Sereno;Scarso;Buona;Sufficiente;0;0;0;7;;;-1;2;Autovettura privata;In marcia / fermata / arresto;Passeggero;M;Illeso;0;;Non accertato;Inesploso
1706389;1;21/12/2006 07:30;Strada Urbana;PIAZZA DI PORTA MAGGIORE;in corrispondenza;;del civico n. ;6;;Scontro laterale fra veicoli in marcia;Rettilineo;Una carreggiata a senso unico di marcia;Asciutto;Asfaltata;Verticale ed orizzontale;Nuvoloso;Normale;Buona;Ore Diurne;0;0;0;4;;;-1;1;Autovettura privata;In marcia / fermata / arresto;Passeggero;M;Illeso;0;;Non accertato;Inesploso
1706389;1;21/12/2006 07:30;Strada Urbana;PIAZZA DI PORTA MAGGIORE;in corrispondenza;;del civico n. ;6;;Scontro laterale fra veicoli in marcia;Rettilineo;Una carreggiata a senso unico di marcia;Asciutto;Asfaltata;Verticale ed orizzontale;Nuvoloso;Normale;Buona;Ore Diurne;0;0;0;4;;;-1;1;Autovettura privata;In marcia / fermata / arresto;Conducente;M;Illeso;0;;Non accertato;Inesploso
1706389;1;21/12/2006 07:30;Strada Urbana;PIAZZA DI PORTA MAGGIORE;in corrispondenza;;del civico n. ;6;;Scontro laterale fra veicoli in marcia;Rettilineo;Una carreggiata a senso unico di marcia;Asciutto;Asfaltata;Verticale ed orizzontale;Nuvoloso;Normale;Buona;Ore Diurne;0;0;0;4;;;-1;2;Autocarro superiore 35 q.;In marcia / fermata / arresto;Passeggero;M;Illeso;0;;Non accertato;Inesploso
1706389;1;21/12/2006 07:30;Strada Urbana;PIAZZA DI PORTA MAGGIORE;in corrispondenza;;del civico n. ;6;;Scontro laterale fra veicoli in marcia;Rettilineo;Una carreggiata a senso unico di marcia;Asciutto;Asfaltata;Verticale ed orizzontale;Nuvoloso;Normale;Buona;Ore Diurne;0;0;0;4;;;-1;2;Autocarro superiore 35 q.;In marcia / fermata / arresto;Conducente;M;Illeso;0;;Non accertato;Inesploso
1706390;2;20/12/2006 09:30;Strada Urbana;VIALE PARIOLI;all'intersezione con;VIA LORENZO RESPIGHI;VIA LORENZO RESPIGHI;;;Scontro frontale/laterale DX fra veicoli in marcia;Incrocio;Una carreggiata a doppio senso;Asciutto;Asfaltata;Verticale ed orizzontale;Sereno;Intenso;Buona;Ore Diurne;0;0;0;2;;;-1;1;Autovettura privata;In marcia / fermata / arresto;Conducente;M;Illeso;0;;Non accertato;Inesistente
1706390;2;20/12/2006 09:30;Strada Urbana;VIALE PARIOLI;all'intersezione con;VIA LORENZO RESPIGHI;VIA LORENZO RESPIGHI;;;Scontro frontale/laterale DX fra veicoli in marcia;Incrocio;Una carreggiata a doppio senso;Asciutto;Asfaltata;Verticale ed orizzontale;Sereno;Intenso;Buona;Ore Diurne;0;0;0;2;;;-1;2;Autovettura privata;In marcia / fermata / arresto;Conducente;M;Illeso;0;;Non accertato;Inesistente
1706391;2;20/12/2006 15:00;Strada Urbana;VIA GIOVANNI PAISIELLO;in prossimità;;del civico n. ;1;;Infortunio per caduta del veicolo;Rettilineo;Una carreggiata a senso unico di marcia;Asciutto;Acciotolata;Verticale;Sereno;Intenso;Buona;Ore Diurne;0;0;0;1;;;-1;1;Motociclo a solo;In marcia / fermata / arresto;Conducente;M;Illeso;0;;Non accertato;Inesistente
1706392;2;20/12/2006 21:30;Strada Urbana;VIA CASSIA;all'intersezione semaforizzata con;VIA MANFREDI AZZARITA;VIA MANFREDI AZZARITA;;;Scontro frontale/laterale DX fra veicoli in marcia;Intersezione semaforizzata;Una carreggiata a doppio senso;Asciutto;Asfaltata;Verticale ed orizzontale;Sereno;Normale;Buona;Sufficiente;0;0;0;3;;;-1;1;Autovettura di polizia;In marcia / fermata / arresto;Conducente;M;Illeso;0;;Esente;Inesistente
1706392;2;20/12/2006 21:30;Strada Urbana;VIA CASSIA;all'intersezione semaforizzata con;VIA MANFREDI AZZARITA;VIA MANFREDI AZZARITA;;;Scontro frontale/laterale DX fra veicoli in marcia;Intersezione semaforizzata;Una carreggiata a doppio senso;Asciutto;Asfaltata;Verticale ed orizzontale;Sereno;Normale;Buona;Sufficiente;0;0;0;3;;;-1;1;Autovettura di polizia;In marcia / fermata / arresto;Passeggero;M;Illeso;0;;Esente;Inesistente
1706392;2;20/12/2006 21:30;Strada Urbana;VIA CASSIA;all'intersezione semaforizzata con;VIA MANFREDI AZZARITA;VIA MANFREDI AZZARITA;;;Scontro frontale/laterale DX fra veicoli in marcia;Intersezione semaforizzata;Una carreggiata a doppio senso;Asciutto;Asfaltata;Verticale ed orizzontale;Sereno;Normale;Buona;Sufficiente;0;0;0;3;;;-1;2;Autovettura privata;In marcia / fermata / arresto;Conducente;F;Illeso;0;;Non accertato;Inesistente
1706393;2;21/12/2006 01:00;Strada Urbana;VIA DI VILLA ADA;all'intersezione con;VIA BENACO;VIA BENACO;;;Scontro frontale/laterale SX fra veicoli in marcia;Incrocio;Due carreggiate;Asciutto;Asfaltata;Verticale ed orizzontale;Sereno;Scarso;Sufficiente;Sufficiente;0;0;0;7;;;-1;1;Autovettura privata;In marcia / fermata / arresto;Conducente;M;Illeso;0;;Non accertato;Inesistente
1706393;2;21/12/2006 01:00;Strada Urbana;VIA DI VILLA ADA;all'intersezione con;VIA BENACO;VIA BENACO;;;Scontro frontale/laterale SX fra veicoli in marcia;Incrocio;Due carreggiate;Asciutto;Asfaltata;Verticale ed orizzontale;Sereno;Scarso;Sufficiente;Sufficiente;0;0;0;7;;;-1;1;Autovettura privata;In marcia / fermata / arresto;Passeggero;F;Illeso;0;;Non accertato;Inesistente
1706393;2;21/12/2006 01:00;Strada Urbana;VIA DI VILLA ADA;all'intersezione con;VIA BENACO;VIA BENACO;;;Scontro frontale/laterale SX fra veicoli in marcia;Incrocio;Due carreggiate;Asciutto;Asfaltata;Verticale ed orizzontale;Sereno;Scarso;Sufficiente;Sufficiente;0;0;0;7;;;-1;1;Autovettura privata;In marcia / fermata / arresto;Passeggero;F;Illeso;0;;Non accertato;Inesistente
1706393;2;21/12/2006 01:00;Strada Urbana;VIA DI VILLA ADA;all'intersezione con;VIA BENACO;VIA BENACO;;;Scontro frontale/laterale SX fra veicoli in marcia;Incrocio;Due carreggiate;Asciutto;Asfaltata;Verticale ed orizzontale;Sereno;Scarso;Sufficiente;Sufficiente;0;0;0;7;;;-1;2;Autovettura privata;In marcia / fermata / arresto;Conducente;M;Illeso;0;;Non accertato;Inesistente
1706393;2;21/12/2006 01:00;Strada Urbana;VIA DI VILLA ADA;all'intersezione con;VIA BENACO;VIA BENACO;;;Scontro frontale/laterale SX fra veicoli in marcia;Incrocio;Due carreggiate;Asciutto;Asfaltata;Verticale ed orizzontale;Sereno;Scarso;Sufficiente;Sufficiente;0;0;0;7;;;-1;2;Autovettura privata;In marcia / fermata / arresto;Passeggero;M;Illeso;0;;Non accertato;Inesistente
1706393;2;21/12/2006 01:00;Strada Urbana;VIA DI VILLA ADA;all'intersezione con;VIA BENACO;VIA BENACO;;;Scontro frontale/laterale SX fra veicoli in marcia;Incrocio;Due carreggiate;Asciutto;Asfaltata;Verticale ed orizzontale;Sereno;Scarso;Sufficiente;Sufficiente;0;0;0;7;;;-1;2;Autovettura privata;In marcia / fermata / arresto;Passeggero;M;Illeso;0;;Non accertato;Inesistente
1706394;2;20/12/2006 11:40;Strada Urbana;VIA TOMMASO SALVINI;all'intersezione con;VIA ALAMANNO MORELLI;VIA ALAMANNO MORELLI;;;Scontro frontale/laterale SX fra veicoli in marcia;Incrocio;Una carreggiata a senso unico di marcia;Asciutto;Asfaltata;Verticale ed orizzontale;Sereno;Scarso;Buona;Ore Diurne;1;0;0;1;;;-1;1;Motociclo a solo;In marcia / fermata / arresto;Conducente;M;Rifiuta cure immediate;0;NON DECEDUTO;Non accertato;Inesistente
1706394;2;20/12/2006 11:40;Strada Urbana;VIA TOMMASO SALVINI;all'intersezione con;VIA ALAMANNO MORELLI;VIA ALAMANNO MORELLI;;;Scontro frontale/laterale SX fra veicoli in marcia;Incrocio;Una carreggiata a senso unico di marcia;Asciutto;Asfaltata;Verticale ed orizzontale;Sereno;Scarso;Buona;Ore Diurne;1;0;0;1;;;-1;2;Autovettura privata;In marcia / fermata / arresto;Conducente;F;Illeso;0;;Non accertato;Inesistente
1706395;2;21/12/2006 13:45;Strada Urbana;VIA FILIPPO CIVININI;in prossimità;;del civico n. ;77;;Tamponamento;Rettilineo;Una carreggiata a doppio senso;Asciutto;Asfaltata;Verticale ed orizzontale;Sereno;Normale;Buona;Ore Diurne;0;0;0;2;;;-1;1;Autovettura privata;In marcia / fermata / arresto;Conducente;M;Illeso;0;;Non accertato;Inesploso
1706395;2;21/12/2006 13:45;Strada Urbana;VIA FILIPPO CIVININI;in prossimità;;del civico n. ;77;;Tamponamento;Rettilineo;Una carreggiata a doppio senso;Asciutto;Asfaltata;Verticale ed orizzontale;Sereno;Normale;Buona;Ore Diurne;0;0;0;2;;;-1;2;Motociclo a solo;In marcia / fermata / arresto;Conducente;M;Illeso;0;;Non accertato;Inesistente
1706396;2;21/12/2006 16:15;Strada Urbana;VIA CHIANA;all'intersezione con;VIA BENACO;VIA BENACO;;;Scontro frontale/laterale DX fra veicoli in marcia;Incrocio;Due carreggiate;Asciutto;Asfaltata;Verticale ed orizzontale;Sereno;Normale;Buona;Ore Diurne;1;0;0;1;;;-1;1;Autovettura pubblica;In marcia / fermata / arresto;Conducente;M;Illeso;0;;Non accertato;Inesploso
1706396;2;21/12/2006 16:15;Strada Urbana;VIA CHIANA;all'intersezione con;VIA BENACO;VIA BENACO;;;Scontro frontale/laterale DX fra veicoli in marcia;Incrocio;Due carreggiate;Asciutto;Asfaltata;Verticale ed orizzontale;Sereno;Normale;Buona;Ore Diurne;1;0;0;1;;;-1;2;Motociclo a solo;In marcia / fermata / arresto;Conducente;F;Rimandato;0;NON DECEDUTO;Non accertato;Inesistente
1706398;3;18/12/2006 17:45;Strada Urbana;VIA TIBURTINA;all'intersezione semaforizzata con;PIAZZALE VALERIO MASSIMO;PIAZZALE VALERIO MASSIMO;;;Scontro frontale/laterale DX fra veicoli in marcia;Intersezione semaforizzata;Più di due carreggiate;Asciutto;Asfaltata;Verticale ed orizzontale;Sereno;Normale;Sufficiente;Sufficiente;1;0;0;2;;;-1;1;Autovettura privata;In marcia / fermata / arresto;Conducente;M;Illeso;0;;Non accertato;Inesistente
1706398;3;18/12/2006 17:45;Strada Urbana;VIA TIBURTINA;all'intersezione semaforizzata con;PIAZZALE VALERIO MASSIMO;PIAZZALE VALERIO MASSIMO;;;Scontro frontale/laterale DX fra veicoli in marcia;Intersezione semaforizzata;Più di due carreggiate;Asciutto;Asfaltata;Verticale ed orizzontale;Sereno;Normale;Sufficiente;Sufficiente;1;0;0;2;;;-1;1;Autovettura privata;In marcia / fermata / arresto;Passeggero;M;Illeso;0;;Non accertato;Inesploso
1706398;3;18/12/2006 17:45;Strada Urbana;VIA TIBURTINA;all'intersezione semaforizzata con;PIAZZALE VALERIO MASSIMO;PIAZZALE VALERIO MASSIMO;;;Scontro frontale/laterale DX fra veicoli in marcia;Intersezione semaforizzata;Più di due carreggiate;Asciutto;Asfaltata;Verticale ed orizzontale;Sereno;Normale;Sufficiente;Sufficiente;1;0;0;2;;;-1;2;Motociclo a solo;In marcia / fermata / arresto;Conducente;M;Rimandato;0;NON DECEDUTO;Non accertato;Inesistente
1706399;3;18/12/2006 20:00;Strada Urbana;VIA GIOVANNI BATTISTA DE ROSSI;all'intersezione con;VIA ALESSANDRO TORLONIA;VIA ALESSANDRO TORLONIA;;;Scontro frontale/laterale DX fra veicoli in marcia;Intersezione non regolata/non segnalata;Una carreggiata a doppio senso;Bagnato (pioggia);Asfaltata;Verticale ed orizzontale;Pioggia in atto;Normale;Sufficiente;Sufficiente;1;0;0;1;;;-1;1;Autovettura privata;In marcia / fermata / arresto;Conducente;F;Illeso;0;;Non accertato;Inesistente
1706399;3;18/12/2006 20:00;Strada Urbana;VIA GIOVANNI BATTISTA DE ROSSI;all'intersezione con;VIA ALESSANDRO TORLONIA;VIA ALESSANDRO TORLONIA;;;Scontro frontale/laterale DX fra veicoli in marcia;Intersezione non regolata/non segnalata;Una carreggiata a doppio senso;Bagnato (pioggia);Asfaltata;Verticale ed orizzontale;Pioggia in atto;Normale;Sufficiente;Sufficiente;1;0;0;1;;;-1;2;Ciclomotore;In marcia / fermata / arresto;Conducente;M;Rimandato;0;NON DECEDUTO;Non accertato;Inesistente
1706400;3;20/12/2006 09:45;Strada Urbana;VIA LIVORNO;in prossimità;;del civico n. ;1;;Veicolo in marcia contro veicolo fermo;Rettilineo;Una carreggiata a doppio senso;Asciutto;Asfaltata;Orizzontale;Sereno;Normale;Buona;Ore Diurne;0;0;0;2;;;-1;1;Autovettura privata;In marcia / fermata / arresto;Conducente;M;Illeso;0;;Non accertato;Inesistente
1706400;3;20/12/2006 09:45;Strada Urbana;VIA LIVORNO;in prossimità;;del civico n. ;1;;Veicolo in marcia contro veicolo fermo;Rettilineo;Una carreggiata a doppio senso;Asciutto;Asfaltata;Orizzontale;Sereno;Normale;Buona;Ore Diurne;0;0;0;2;;;-1;2;Autocarro inferiore 35 q.;In marcia / fermata / arresto;Conducente;M;Illeso;0;;Non accertato;Inesistente
1706401;3;20/12/2006 15:15;Strada Urbana;VIALE IPPOCRATE;in prossimità;;del civico n. ;85;;Scontro frontale/laterale SX fra veicoli in marcia;Rettilineo;Una carreggiata a senso unico di marcia;Asciutto;Asfaltata;Verticale ed orizzontale;Sereno;Normale;Buona;Ore Diurne;1;0;0;1;;;-1;1;Autovettura privata;In marcia / fermata / arresto;Conducente;F;Illeso;0;;Non accertato;Inesistente
1706401;3;20/12/2006 15:15;Strada Urbana;VIALE IPPOCRATE;in prossimità;;del civico n. ;85;;Scontro frontale/laterale SX fra veicoli in marcia;Rettilineo;Una carreggiata a senso unico di marcia;Asciutto;Asfaltata;Verticale ed orizzontale;Sereno;Normale;Buona;Ore Diurne;1;0;0;1;;;-1;2;Motociclo a solo;In marcia / fermata / arresto;Conducente;M;Ricoverato;0;NON DECEDUTO;Non accertato;Inesistente
1706402;20;21/12/2006 09:00;Strada Urbana;VIA VEIENTANA VETERE;in prossimità;;del civico n. ;227;;Scontro frontale/laterale SX fra veicoli in marcia;Rettilineo;Una carreggiata a doppio senso;Asciutto;Asfaltata;Assente;Sereno;Normale;Buona;Ore Diurne;1;0;0;1;;;-1;1;Autovettura privata;In marcia / fermata / arresto;Conducente;M;Illeso;0;;Non accertato;Inesistente
1706402;20;21/12/2006 09:00;Strada Urbana;VIA VEIENTANA VETERE;in prossimità;;del civico n. ;227;;Scontro frontale/laterale SX fra veicoli in marcia;Rettilineo;Una carreggiata a doppio senso;Asciutto;Asfaltata;Assente;Sereno;Normale;Buona;Ore Diurne;1;0;0;1;;;-1;2;Ciclomotore;In marcia / fermata / arresto;Conducente;F;Rifiuta cure immediate;0;NON DECEDUTO;Non accertato;Inesistente
1706403;20;21/12/2006 09:30;Strada Urbana;VIA CASSIA;in prossimità;;del civico n. ;811;;Tamponamento;Rettilineo;Una carreggiata a doppio senso;Asciutto;Asfaltata;Orizzontale;Sereno;Intenso;Buona;Ore Diurne;1;0;0;1;;;-1;1;Autocarro inferiore 35 q.;In marcia / fermata / arresto;Conducente;M;Illeso;0;;Non accertato;Inesistente
1706403;20;21/12/2006 09:30;Strada Urbana;VIA CASSIA;in prossimità;;del civico n. ;811;;Tamponamento;Rettilineo;Una carreggiata a doppio senso;Asciutto;Asfaltata;Orizzontale;Sereno;Intenso;Buona;Ore Diurne;1;0;0;1;;;-1;2;Autovettura privata;In marcia / fermata / arresto;Conducente;F;Rifiuta cure immediate;0;NON DECEDUTO;Non accertato;Inesploso
1706404;20;21/12/2006 12:05;Strada Urbana;CORSO DI FRANCIA;da specificare;;;;50 m dall'inter con Via C. Castellana dir. Parioli;Scontro frontale/laterale DX fra veicoli in marcia;Rettilineo;Due carreggiate;Asciutto;Asfaltata;Verticale ed orizzontale;Sereno;Normale;Buona;Ore Diurne;1;0;0;1;;;-1;1;Motociclo a solo;In marcia / fermata / arresto;Conducente;M;Rimandato;0;NON DECEDUTO;Non accertato;Inesistente
1706404;20;21/12/2006 12:05;Strada Urbana;CORSO DI FRANCIA;da specificare;;;;50 m dall'inter con Via C. Castellana dir. Parioli;Scontro frontale/laterale DX fra veicoli in marcia;Rettilineo;Due carreggiate;Asciutto;Asfaltata;Verticale ed orizzontale;Sereno;Normale;Buona;Ore Diurne;1;0;0;1;;;-1;2;Autovettura privata;In marcia / fermata / arresto;Conducente;M;Illeso;0;;Non accertato;Inesistente
1706405;20;21/12/2006 14:20;Strada Urbana;VIALE DEL FORO ITALICO;da specificare;;;;dir.Stadio Olimpico alt.Cavalcavia Tor di Quinto;Tamponamento;Rettilineo;Due carreggiate;Asciutto;Asfaltata;Orizzontale;Sereno;Intenso;Sufficiente;Sufficiente;0;0;0;3;;;-1;1;Autovettura privata;In marcia / fermata / arresto;Conducente;F;Illeso;0;;Non accertato;Inesploso
1706405;20;21/12/2006 14:20;Strada Urbana;VIALE DEL FORO ITALICO;da specificare;;;;dir.Stadio Olimpico alt.Cavalcavia Tor di Quinto;Tamponamento;Rettilineo;Due carreggiate;Asciutto;Asfaltata;Orizzontale;Sereno;Intenso;Sufficiente;Sufficiente;0;0;0;3;;;-1;1;Autovettura privata;In marcia / fermata / arresto;Passeggero;F;Illeso;0;;Non accertato;Inesploso
1706405;20;21/12/2006 14:20;Strada Urbana;VIALE DEL FORO ITALICO;da specificare;;;;dir.Stadio Olimpico alt.Cavalcavia Tor di Quinto;Tamponamento;Rettilineo;Due carreggiate;Asciutto;Asfaltata;Orizzontale;Sereno;Intenso;Sufficiente;Sufficiente;0;0;0;3;;;-1;2;Autovettura privata;In marcia / fermata / arresto;Conducente;M;Illeso;0;;Non accertato;Inesistente
1706406;20;21/12/2006 21:20;Strada Urbana;VIA DI VILLA SEVERINI;in corrispondenza;;del civico n. ;18;;Tamponamento;Rettilineo;Una carreggiata a senso unico di marcia;Asciutto;Asfaltata;Assente;Sereno;Scarso;Buona;Sufficiente;1;0;0;2;;;-1;1;Autovettura privata;In marcia / fermata / arresto;Conducente;M;Illeso;0;;Non accertato;Inesploso
1706406;20;21/12/2006 21:20;Strada Urbana;VIA DI VILLA SEVERINI;in corrispondenza;;del civico n. ;18;;Tamponamento;Rettilineo;Una carreggiata a senso unico di marcia;Asciutto;Asfaltata;Assente;Sereno;Scarso;Buona;Sufficiente;1;0;0;2;;;-1;1;Autovettura privata;In marcia / fermata / arresto;Passeggero;M;Illeso;0;;Non accertato;Inesploso
1706406;20;21/12/2006 21:20;Strada Urbana;VIA DI VILLA SEVERINI;in corrispondenza;;del civico n. ;18;;Tamponamento;Rettilineo;Una carreggiata a senso unico di marcia;Asciutto;Asfaltata;Assente;Sereno;Scarso;Buona;Sufficiente;1;0;0;2;;;-1;2;Motociclo a solo;In marcia / fermata / arresto;Conducente;M;Rimandato;0;NON DECEDUTO;Non accertato;Inesistente
1706407;20;22/12/2006 01:10;Strada Urbana;VIA TRIONFALE;all'intersezione con;VIA NICOLA TAGLIAFERRI;VIA NICOLA TAGLIAFERRI;;;Scontro frontale/laterale SX fra veicoli in marcia;Incrocio;Una carreggiata a doppio senso;Asciutto;Asfaltata;Verticale ed orizzontale;Sereno;Scarso;Sufficiente;Sufficiente;0;0;0;4;;;-1;1;Autovettura privata;In marcia / fermata / arresto;Conducente;M;Illeso;0;;Non accertato;Inesistente
1706407;20;22/12/2006 01:10;Strada Urbana;VIA TRIONFALE;all'intersezione con;VIA NICOLA TAGLIAFERRI;VIA NICOLA TAGLIAFERRI;;;Scontro frontale/laterale SX fra veicoli in marcia;Incrocio;Una carreggiata a doppio senso;Asciutto;Asfaltata;Verticale ed orizzontale;Sereno;Scarso;Sufficiente;Sufficiente;0;0;0;4;;;-1;2;Autovettura privata;In marcia / fermata / arresto;Conducente;M;Illeso;0;;Non accertato;Inesistente
1706407;20;22/12/2006 01:10;Strada Urbana;VIA TRIONFALE;all'intersezione con;VIA NICOLA TAGLIAFERRI;VIA NICOLA TAGLIAFERRI;;;Scontro frontale/laterale SX fra veicoli in marcia;Incrocio;Una carreggiata a doppio senso;Asciutto;Asfaltata;Verticale ed orizzontale;Sereno;Scarso;Sufficiente;Sufficiente;0;0;0;4;;;-1;2;Autovettura privata;In marcia / fermata / arresto;Passeggero;M;Illeso;0;;Non accertato;Inesistente
1706407;20;22/12/2006 01:10;Strada Urbana;VIA TRIONFALE;all'intersezione con;VIA NICOLA TAGLIAFERRI;VIA NICOLA TAGLIAFERRI;;;Scontro frontale/laterale SX fra veicoli in marcia;Incrocio;Una carreggiata a doppio senso;Asciutto;Asfaltata;Verticale ed orizzontale;Sereno;Scarso;Sufficiente;Sufficiente;0;0;0;4;;;-1;2;Autovettura privata;In marcia / fermata / arresto;Passeggero;M;Illeso;0;;Non accertato;Inesistente
1706408;20;22/12/2006 23:45;Strada Urbana;PIAZZALE DI PONTE MILVIO;da specificare;;;;"lato ""Torretta""";Ribaltamento senza urto contro ostacolo fisso;Curva a visuale libera;Una carreggiata a senso unico di marcia;Viscido da liquidi oleosi;Asfaltata;Assente;Sereno;Scarso;Sufficiente;Sufficiente;0;0;0;1;;;-1;1;Velocipede;In marcia / fermata / arresto;Conducente;M;Illeso;0;;Esente;Inesploso
1706409;4;17/12/2006 15:30;Strada Urbana;VIA FERRUCCIO AMENDOLA;all'intersezione con;VIA DELLE VIGNE NUOVE;VIA DELLE VIGNE NUOVE;;;Veicolo in marcia contro ostacolo accidentale;Incrocio;Una carreggiata a doppio senso;Sdrucciolevole (fango);Asfaltata;Verticale;Sereno;Normale;Sufficiente;Sufficiente;1;0;0;0;;;-1;1;Motociclo a solo;In marcia / fermata / arresto;Conducente;M;Rifiuta cure immediate;0;NON DECEDUTO;Non accertato;Inesistente
1706410;4;17/12/2006 17:00;Strada Urbana;PIAZZALE JONIO;all'intersezione semaforizzata con;VIA DEI PRATI FISCALI;VIA DEI PRATI FISCALI;;;Scontro frontale/laterale SX fra veicoli in marcia;Intersezione semaforizzata;Più di due carreggiate;Asciutto;Asfaltata;Verticale ed orizzontale;Sereno;Normale;Buona;Sufficiente;2;0;0;4;;;-1;1;Autovettura privata;In marcia / fermata / arresto;Conducente;M;Illeso;0;;Utilizzato;Inesploso
1706410;4;17/12/2006 17:00;Strada Urbana;PIAZZALE JONIO;all'intersezione semaforizzata con;VIA DEI PRATI FISCALI;VIA DEI PRATI FISCALI;;;Scontro frontale/laterale SX fra veicoli in marcia;Intersezione semaforizzata;Più di due carreggiate;Asciutto;Asfaltata;Verticale ed orizzontale;Sereno;Normale;Buona;Sufficiente;2;0;0;4;;;-1;1;Autovettura privata;In marcia / fermata / arresto;Passeggero;M;Illeso;0;;Non accertato;Inesistente
1706410;4;17/12/2006 17:00;Strada Urbana;PIAZZALE JONIO;all'intersezione semaforizzata con;VIA DEI PRATI FISCALI;VIA DEI PRATI FISCALI;;;Scontro frontale/laterale SX fra veicoli in marcia;Intersezione semaforizzata;Più di due carreggiate;Asciutto;Asfaltata;Verticale ed orizzontale;Sereno;Normale;Buona;Sufficiente;2;0;0;4;;;-1;1;Autovettura privata;In marcia / fermata / arresto;Passeggero;F;Illeso;0;;Non accertato;Inesistente
1706410;4;17/12/2006 17:00;Strada Urbana;PIAZZALE JONIO;all'intersezione semaforizzata con;VIA DEI PRATI FISCALI;VIA DEI PRATI FISCALI;;;Scontro frontale/laterale SX fra veicoli in marcia;Intersezione semaforizzata;Più di due carreggiate;Asciutto;Asfaltata;Verticale ed orizzontale;Sereno;Normale;Buona;Sufficiente;2;0;0;4;;;-1;2;Autovettura privata;In marcia / fermata / arresto;Conducente;M;Rimandato;0;NON DECEDUTO;Utilizzato;Inesistente