Protocollo;Gruppo;DataOraIncidente;Localizzazione1;STRADA1;Localizzazione2;STRADA2;Strada02;Chilometrica;DaSpecificare;NaturaIncidente;particolaritastrade;TipoStrada;FondoStradale;Pavimentazione;Segnaletica;CondizioneAtmosferica;Traffico;Visibilita;Illuminazione;NUM_FERITI;NUM_RISERVATA;NUM_MORTI;NUM_ILLESI;Longitudine;Latitudine;Confermato;Progressivo;TipoVeicolo;StatoVeicolo;TipoPersona;Sesso;Tipolesione;Deceduto;DecedutoDopo;CinturaCascoUtilizzato;Airbag
1706947;5;19/12/2006 08:20;Strada Urbana;VIA VITTORIO VALLETTA;in prossimità;;del civico n. ;2;;Scontro laterale fra veicoli in marcia;Rettilineo;Una carreggiata a doppio senso;Asciutto;Asfaltata;Assente;Sereno;Normale;Buona;Ore Diurne;0;0;0;3;;;-1;1;Autovettura privata;In marcia / fermata / arresto;Passeggero;F;Illeso;0;;Non accertato;Inesistente
1706947;5;19/12/2006 08:20;Strada Urbana;VIA VITTORIO VALLETTA;in prossimità;;del civico n. ;2;;Scontro laterale fra veicoli in marcia;Rettilineo;Una carreggiata a doppio senso;Asciutto;Asfaltata;Assente;Sereno;Normale;Buona;Ore Diurne;0;0;0;3;;;-1;2;Motociclo a solo;In marcia / fermata / arresto;Conducente;M;Illeso;0;;Utilizzato;Inesistente
1706948;5;27/12/2006 15:30;Strada Urbana;VIALE RATTO DELLE SABINE;in corrispondenza;;del civico n. ;27;;Scontro frontale/laterale SX fra veicoli in marcia;Rettilineo;Due carreggiate;Asciutto;Asfaltata;Verticale ed orizzontale;Sereno;Scarso;Buona;Ore Diurne;0;0;0;2;;;-1;1;Autovettura privata;In marcia / fermata / arresto;Conducente;F;Illeso;0;;Non accertato;Inesploso
1706948;5;27/12/2006 15:30;Strada Urbana;VIALE RATTO DELLE SABINE;in corrispondenza;;del civico n. ;27;;Scontro frontale/laterale SX fra veicoli in marcia;Rettilineo;Due carreggiate;Asciutto;Asfaltata;Verticale ed orizzontale;Sereno;Scarso;Buona;Ore Diurne;0;0;0;2;;;-1;2;Motociclo a solo;In marcia / fermata / arresto;Conducente;M;Illeso;0;;Non accertato;Inesistente
1706949;6;22/12/2006 16:00;Strada Urbana;VIA GUGLIELMO DEGLI UBERTINI;in corrispondenza;;del civico n. ;79;;Scontro frontale fra veicoli in marcia;Rettilineo;Una carreggiata a senso unico di marcia;Asciutto;Asfaltata;Assente;Nuvoloso;Normale;Buona;Ore Diurne;1;0;0;1;;;-1;1;Autovettura privata;In marcia / fermata / arresto;Conducente;F;Illeso;0;;Utilizzato;Inesploso
1706949;6;22/12/2006 16:00;Strada Urbana;VIA GUGLIELMO DEGLI UBERTINI;in corrispondenza;;del civico n. ;79;;Scontro frontale fra veicoli in marcia;Rettilineo;Una carreggiata a senso unico di marcia;Asciutto;Asfaltata;Assente;Nuvoloso;Normale;Buona;Ore Diurne;1;0;0;1;;;-1;2;Motociclo a solo;In marcia / fermata / arresto;Conducente;M;Rimandato;0;NON DECEDUTO;Utilizzato;Inesistente
1706950;6;23/12/2006 03:30;Strada Urbana;VIA AMULIO;all'intersezione con;VIA EVANDRO;VIA EVANDRO;;;Scontro laterale fra veicoli in marcia;Incrocio;Una carreggiata a senso unico di marcia;Asciutto;Asfaltata;Verticale ed orizzontale;Sereno;Scarso;Buona;Sufficiente;0;0;0;2;;;-1;1;Autovettura privata;In marcia / fermata / arresto;Conducente;F;Illeso;0;;Utilizzato;Inesistente
1706950;6;23/12/2006 03:30;Strada Urbana;VIA AMULIO;all'intersezione con;VIA EVANDRO;VIA EVANDRO;;;Scontro laterale fra veicoli in marcia;Incrocio;Una carreggiata a senso unico di marcia;Asciutto;Asfaltata;Verticale ed orizzontale;Sereno;Scarso;Buona;Sufficiente;0;0;0;2;;;-1;2;Autovettura privata;In marcia / fermata / arresto;Conducente;M;Illeso;0;;Utilizzato;Inesistente
1706951;6;23/12/2006 12:15;Strada Urbana;LARGO DELLA PRIMAVERA;all'intersezione con;VIA OBERDAN PETRINI;VIA OBERDAN PETRINI;;;Scontro frontale/laterale DX fra veicoli in marcia;Incrocio;Due carreggiate;Asciutto;Asfaltata;Verticale ed orizzontale;Sereno;Normale;Buona;Ore Diurne;1;0;0;2;;;-1;1;Ciclomotore;In marcia / fermata / arresto;Conducente;M;Rimandato;0;NON DECEDUTO;Non accertato;Inesistente
1706951;6;23/12/2006 12:15;Strada Urbana;LARGO DELLA PRIMAVERA;all'intersezione con;VIA OBERDAN PETRINI;VIA OBERDAN PETRINI;;;Scontro frontale/laterale DX fra veicoli in marcia;Incrocio;Due carreggiate;Asciutto;Asfaltata;Verticale ed orizzontale;Sereno;Normale;Buona;Ore Diurne;1;0;0;2;;;-1;2;Autovettura privata;In marcia / fermata / arresto;Conducente;M;Illeso;0;;Non accertato;Inesistente
1706951;6;23/12/2006 12:15;Strada Urbana;LARGO DELLA PRIMAVERA;all'intersezione con;VIA OBERDAN PETRINI;VIA OBERDAN PETRINI;;;Scontro frontale/laterale DX fra veicoli in marcia;Incrocio;Due carreggiate;Asciutto;Asfaltata;Verticale ed orizzontale;Sereno;Normale;Buona;Ore Diurne;1;0;0;2;;;-1;2;Autovettura privata;In marcia / fermata / arresto;Passeggero;F;Illeso;0;;Non accertato;Inesistente
1706952;6;23/12/2006 14:30;Strada Urbana;VIA ANACAPRI;all'intersezione con;VIA DI ACQUA BULLICANTE;VIA DI ACQUA BULLICANTE;;;Scontro frontale/laterale SX fra veicoli in marcia;Incrocio;Una carreggiata a doppio senso;Asciutto;Asfaltata;Verticale;Sereno;Intenso;Buona;Ore Diurne;1;0;0;2;;;-1;1;Autovettura privata;In marcia / fermata / arresto;Conducente;M;Rimandato;0;NON DECEDUTO;Non accertato;Inesistente
1706952;6;23/12/2006 14:30;Strada Urbana;VIA ANACAPRI;all'intersezione con;VIA DI ACQUA BULLICANTE;VIA DI ACQUA BULLICANTE;;;Scontro frontale/laterale SX fra veicoli in marcia;Incrocio;Una carreggiata a doppio senso;Asciutto;Asfaltata;Verticale;Sereno;Intenso;Buona;Ore Diurne;1;0;0;2;;;-1;1;Autovettura privata;In marcia / fermata / arresto;Passeggero;F;Illeso;0;;Non accertato;Inesistente
1706952;6;23/12/2006 14:30;Strada Urbana;VIA ANACAPRI;all'intersezione con;VIA DI ACQUA BULLICANTE;VIA DI ACQUA BULLICANTE;;;Scontro frontale/laterale SX fra veicoli in marcia;Incrocio;Una carreggiata a doppio senso;Asciutto;Asfaltata;Verticale;Sereno;Intenso;Buona;Ore Diurne;1;0;0;2;;;-1;2;Autovettura privata;In marcia / fermata / arresto;Conducente;M;Illeso;0;;Non accertato;Inesistente
1706953;6;23/12/2006 19:20;Strada Urbana;VIALE PARTENOPE;all'intersezione con;VIA TEANO;VIA TEANO;;;Veicolo in marcia contro ostacolo accidentale;Incrocio;Una carreggiata a doppio senso;Asciutto;Con buche;Verticale ed orizzontale;Sereno;Intenso;Buona;Sufficiente;0;0;0;1;;;-1;1;Motociclo a solo;In marcia / fermata / arresto;Conducente;M;Illeso;0;;Utilizzato;Inesistente
1706954;6;23/12/2006 23:45;Strada Urbana;VIA DI ROCCA CENCIA;da specificare;;;;alt VIA CAMIGLIATELLO SILANO;Scontro frontale fra veicoli in marcia;Rettilineo;Una carreggiata a doppio senso;Asciutto;Asfaltata;Assente;Sereno;Scarso;Buona;Inesistente;0;0;0;3;;;-1;1;Autovettura privata;In marcia / fermata / arresto;Conducente;M;Illeso;0;;Utilizzato;Esploso
1706954;6;23/12/2006 23:45;Strada Urbana;VIA DI ROCCA CENCIA;da specificare;;;;alt VIA CAMIGLIATELLO SILANO;Scontro frontale fra veicoli in marcia;Rettilineo;Una carreggiata a doppio senso;Asciutto;Asfaltata;Assente;Sereno;Scarso;Buona;Inesistente;0;0;0;3;;;-1;1;Autovettura privata;In marcia / fermata / arresto;Passeggero;F;Illeso;0;;Utilizzato;Esploso
1706954;6;23/12/2006 23:45;Strada Urbana;VIA DI ROCCA CENCIA;da specificare;;;;alt VIA CAMIGLIATELLO SILANO;Scontro frontale fra veicoli in marcia;Rettilineo;Una carreggiata a doppio senso;Asciutto;Asfaltata;Assente;Sereno;Scarso;Buona;Inesistente;0;0;0;3;;;-1;3;Autovettura privata;In marcia / fermata / arresto;Conducente;M;Illeso;0;;Utilizzato;Inesistente
1706955;6;24/12/2006 10:25;Strada Urbana;VIA TOR DE' SCHIAVI;in prossimità;;del civico n. ;393;;Scontro laterale fra veicoli in marcia;Rettilineo;Due carreggiate;Asciutto;Asfaltata;Assente;Sereno;Intenso;Buona;Ore Diurne;0;0;0;2;;;-1;1;Motociclo a solo;In marcia / fermata / arresto;Conducente;M;Illeso;0;;Non accertato;Inesistente
1706955;6;24/12/2006 10:25;Strada Urbana;VIA TOR DE' SCHIAVI;in prossimità;;del civico n. ;393;;Scontro laterale fra veicoli in marcia;Rettilineo;Due carreggiate;Asciutto;Asfaltata;Assente;Sereno;Intenso;Buona;Ore Diurne;0;0;0;2;;;-1;2;Autovettura privata;In marcia / fermata / arresto;Conducente;M;Illeso;0;;Non accertato;Inesistente
1706956;6;24/12/2006 12:40;Strada Urbana;VIA FRANCESCO BARACCA;all'intersezione con;VIA AMEDEO CENCELLI;VIA AMEDEO CENCELLI;;;Scontro frontale/laterale DX fra veicoli in marcia;Incrocio;Una carreggiata a senso unico di marcia;Asciutto;Asfaltata;Verticale ed orizzontale;Sereno;Normale;Buona;Ore Diurne;1;0;0;1;;;-1;1;Autovettura privata;In marcia / fermata / arresto;Conducente;M;Illeso;0;;Non accertato;Inesistente
1706956;6;24/12/2006 12:40;Strada Urbana;VIA FRANCESCO BARACCA;all'intersezione con;VIA AMEDEO CENCELLI;VIA AMEDEO CENCELLI;;;Scontro frontale/laterale DX fra veicoli in marcia;Incrocio;Una carreggiata a senso unico di marcia;Asciutto;Asfaltata;Verticale ed orizzontale;Sereno;Normale;Buona;Ore Diurne;1;0;0;1;;;-1;2;Motociclo a solo;In marcia / fermata / arresto;Conducente;M;Rimandato;0;NON DECEDUTO;Utilizzato;Inesistente
1706957;6;24/12/2006 16:15;Strada Urbana;VIA CAMILLO MANFRONI;in prossimità;;del civico n. ;9;;Scontro frontale/laterale SX fra veicoli in marcia;Rettilineo;Una carreggiata a doppio senso;Asciutto;Asfaltata;Orizzontale;Sereno;Normale;Buona;Ore Diurne;1;0;0;1;;;-1;1;Autovettura privata;In marcia / fermata / arresto;Conducente;M;Illeso;0;;Non accertato;Inesistente
1706957;6;24/12/2006 16:15;Strada Urbana;VIA CAMILLO MANFRONI;in prossimità;;del civico n. ;9;;Scontro frontale/laterale SX fra veicoli in marcia;Rettilineo;Una carreggiata a doppio senso;Asciutto;Asfaltata;Orizzontale;Sereno;Normale;Buona;Ore Diurne;1;0;0;1;;;-1;2;Motociclo a solo;In marcia / fermata / arresto;Conducente;M;Rimandato;0;NON DECEDUTO;Non accertato;Inesistente
1706958;6;25/12/2006 02:00;Strada Urbana;VIA PRENESTINA;in corrispondenza;;del civico n. ;388;;Investimento di pedone;Rettilineo;Più di due carreggiate;Asciutto;Asfaltata;Assente;Sereno;Intenso;Sufficiente;Sufficiente;0;1;0;3;;;-1;1;Autovettura privata;In marcia / fermata / arresto;Conducente;M;Illeso;0;;Non accertato;Inesistente
1706958;6;25/12/2006 02:00;Strada Urbana;VIA PRENESTINA;in corrispondenza;;del civico n. ;388;;Investimento di pedone;Rettilineo;Più di due carreggiate;Asciutto;Asfaltata;Assente;Sereno;Intenso;Sufficiente;Sufficiente;0;1;0;3;;;-1;1;Autovettura privata;In marcia / fermata / arresto;Passeggero;M;Illeso;0;;Non accertato;Inesistente
1706958;6;25/12/2006 02:00;Strada Urbana;VIA PRENESTINA;in corrispondenza;;del civico n. ;388;;Investimento di pedone;Rettilineo;Più di due carreggiate;Asciutto;Asfaltata;Assente;Sereno;Intenso;Sufficiente;Sufficiente;0;1;0;3;;;-1;2;Autovettura privata;In marcia / fermata / arresto;Conducente;M;Prognosi riservata;0;NON DECEDUTO;Non accertato;Inesistente
1706958;6;25/12/2006 02:00;Strada Urbana;VIA PRENESTINA;in corrispondenza;;del civico n. ;388;;Investimento di pedone;Rettilineo;Più di due carreggiate;Asciutto;Asfaltata;Assente;Sereno;Intenso;Sufficiente;Sufficiente;0;1;0;3;;;-1;2;Autovettura privata;In marcia / fermata / arresto;Passeggero;F;Illeso;0;;Non accertato;Inesistente
1706960;6;25/12/2006 16:30;Strada Urbana;VIALE FILARETE;all'intersezione con;VIA GALEAZZO ALESSI;VIA GALEAZZO ALESSI;;;Scontro frontale/laterale SX fra veicoli in marcia;Incrocio;Due carreggiate;Asciutto;Asfaltata;Verticale;Sereno;Scarso;Buona;Ore Diurne;0;0;0;3;;;-1;1;Autovettura privata;In marcia / fermata / arresto;Conducente;M;Illeso;0;;Non accertato;Inesistente
1706960;6;25/12/2006 16:30;Strada Urbana;VIALE FILARETE;all'intersezione con;VIA GALEAZZO ALESSI;VIA GALEAZZO ALESSI;;;Scontro frontale/laterale SX fra veicoli in marcia;Incrocio;Due carreggiate;Asciutto;Asfaltata;Verticale;Sereno;Scarso;Buona;Ore Diurne;0;0;0;3;;;-1;2;Autovettura privata;In marcia / fermata / arresto;Conducente;M;Illeso;0;;Non accertato;Inesistente
1706960;6;25/12/2006 16:30;Strada Urbana;VIALE FILARETE;all'intersezione con;VIA GALEAZZO ALESSI;VIA GALEAZZO ALESSI;;;Scontro frontale/laterale SX fra veicoli in marcia;Incrocio;Due carreggiate;Asciutto;Asfaltata;Verticale;Sereno;Scarso;Buona;Ore Diurne;0;0;0;3;;;-1;2;Autovettura privata;In marcia / fermata / arresto;Passeggero;F;Illeso;0;;Non accertato;Inesistente
1706962;6;27/12/2006 00:15;Strada Urbana;VIA DEGLI ANGELI;in corrispondenza;;del civico n. ;140;;Scontro frontale fra veicoli in marcia;Curva senza visuale libera;Una carreggiata a doppio senso;Asciutto;Asfaltata;Assente;Sereno;Scarso;Buona;Sufficiente;1;0;0;1;;;-1;1;Autovettura privata;In marcia / fermata / arresto;Conducente;M;Illeso;0;;Non accertato;Esploso
1706962;6;27/12/2006 00:15;Strada Urbana;VIA DEGLI ANGELI;in corrispondenza;;del civico n. ;140;;Scontro frontale fra veicoli in marcia;Curva senza visuale libera;Una carreggiata a doppio senso;Asciutto;Asfaltata;Assente;Sereno;Scarso;Buona;Sufficiente;1;0;0;1;;;-1;2;Motociclo a solo;In marcia / fermata / arresto;Conducente;M;Rimandato;0;NON DECEDUTO;Utilizzato;Inesistente
1706964;6;27/12/2006 04:30;Strada Urbana;VIA PRENESTINA;in corrispondenza;;del civico n. ;32;;Veicolo in marcia contro ostacolo fisso;Rettilineo;Due carreggiate;Asciutto;Asfaltata;Orizzontale;Sereno;Scarso;Buona;Sufficiente;0;0;0;1;;;-1;1;Autovettura privata;In marcia / fermata / arresto;Conducente;M;Illeso;0;;Non accertato;Esploso
1706965;6;27/12/2006 12:15;Strada Urbana;VIA PRENESTINA;in prossimità;;del civico n. ;41;;Scontro frontale/laterale DX fra veicoli in marcia;Rettilineo;Due carreggiate;Asciutto;Asfaltata;Orizzontale;Sereno;Normale;Buona;Ore Diurne;0;0;0;2;;;-1;1;Autovettura privata;In marcia / fermata / arresto;Conducente;M;Illeso;0;;Non accertato;Inesploso
1706965;6;27/12/2006 12:15;Strada Urbana;VIA PRENESTINA;in prossimità;;del civico n. ;41;;Scontro frontale/laterale DX fra veicoli in marcia;Rettilineo;Due carreggiate;Asciutto;Asfaltata;Orizzontale;Sereno;Normale;Buona;Ore Diurne;0;0;0;2;;;-1;2;Autovettura privata;In marcia / fermata / arresto;Conducente;M;Illeso;0;;Non accertato;Inesistente
1706966;6;27/12/2006 14:30;Strada Urbana;VIA DEGLI ANGELI;all'intersezione con;VIA DEI CICERI;VIA DEI CICERI;;;Scontro frontale/laterale SX fra veicoli in marcia;Incrocio;Una carreggiata a doppio senso;Asciutto;Asfaltata;Verticale;Sereno;Normale;Buona;Ore Diurne;2;0;0;0;;;-1;1;Autovettura privata;In marcia / fermata / arresto;Conducente;M;Rifiuta cure immediate;0;NON DECEDUTO;Non accertato;Inesistente
1706966;6;27/12/2006 14:30;Strada Urbana;VIA DEGLI ANGELI;all'intersezione con;VIA DEI CICERI;VIA DEI CICERI;;;Scontro frontale/laterale SX fra veicoli in marcia;Incrocio;Una carreggiata a doppio senso;Asciutto;Asfaltata;Verticale;Sereno;Normale;Buona;Ore Diurne;2;0;0;0;;;-1;2;Motociclo a solo;In marcia / fermata / arresto;Conducente;M;Rifiuta cure immediate;0;NON DECEDUTO;Non accertato;Inesistente
1706967;6;27/12/2006 14:30;Strada Urbana;VIALE GIOVANNI BATTISTA VALENTE;all'intersezione con;VIA MARIO CHIRI;VIA MARIO CHIRI;;;Tamponamento;Incrocio;Una carreggiata a doppio senso;Asciutto;Asfaltata;Verticale ed orizzontale;Sereno;Normale;Buona;Ore Diurne;1;0;0;1;;;-1;1;Autocarro inferiore 35 q.;In marcia / fermata / arresto;Conducente;M;Illeso;0;;Non accertato;Inesistente
1706967;6;27/12/2006 14:30;Strada Urbana;VIALE GIOVANNI BATTISTA VALENTE;all'intersezione con;VIA MARIO CHIRI;VIA MARIO CHIRI;;;Tamponamento;Incrocio;Una carreggiata a doppio senso;Asciutto;Asfaltata;Verticale ed orizzontale;Sereno;Normale;Buona;Ore Diurne;1;0;0;1;;;-1;2;Autovettura privata;In marcia / fermata / arresto;Conducente;F;Rimandato;0;NON DECEDUTO;Non accertato;Inesploso
1706968;6;27/12/2006 15:30;Strada Urbana;VIA GABRINO FONDULO;all'intersezione con;VIA ERASMO GATTAMELATA;VIA ERASMO GATTAMELATA;;;Veicolo in marcia contro veicolo fermo;Incrocio;Una carreggiata a senso unico di marcia;Asciutto;Asfaltata;Verticale ed orizzontale;Sereno;Normale;Buona;Ore Diurne;0;0;0;3;;;-1;1;Autocarro inferiore 35 q.;In marcia / fermata / arresto;Conducente;F;Illeso;0;;Utilizzato;Inesistente
1706968;6;27/12/2006 15:30;Strada Urbana;VIA GABRINO FONDULO;all'intersezione con;VIA ERASMO GATTAMELATA;VIA ERASMO GATTAMELATA;;;Veicolo in marcia contro veicolo fermo;Incrocio;Una carreggiata a senso unico di marcia;Asciutto;Asfaltata;Verticale ed orizzontale;Sereno;Normale;Buona;Ore Diurne;0;0;0;3;;;-1;1;Autocarro inferiore 35 q.;In marcia / fermata / arresto;Passeggero;M;Illeso;0;;Non accertato;Inesistente
1706968;6;27/12/2006 15:30;Strada Urbana;VIA GABRINO FONDULO;all'intersezione con;VIA ERASMO GATTAMELATA;VIA ERASMO GATTAMELATA;;;Veicolo in marcia contro veicolo fermo;Incrocio;Una carreggiata a senso unico di marcia;Asciutto;Asfaltata;Verticale ed orizzontale;Sereno;Normale;Buona;Ore Diurne;0;0;0;3;;;-1;1;Autocarro inferiore 35 q.;In marcia / fermata / arresto;Passeggero;F;Illeso;0;;Non utilizzato;Inesistente
1706969;6;27/12/2006 17:00;Strada Urbana;VIA TOR DE' SCHIAVI;da specificare;;;;(parcheggio taxi) alt. civ. 408;Scontro laterale fra veicoli in marcia;Rettilineo;Due carreggiate;Asciutto;Asfaltata;Verticale ed orizzontale;Sereno;Normale;Buona;Sufficiente;0;0;0;3;;;-1;1;Autovettura pubblica;In marcia / fermata / arresto;Conducente;M;Illeso;0;;Non accertato;Inesploso
1706969;6;27/12/2006 17:00;Strada Urbana;VIA TOR DE' SCHIAVI;da specificare;;;;(parcheggio taxi) alt. civ. 408;Scontro laterale fra veicoli in marcia;Rettilineo;Due carreggiate;Asciutto;Asfaltata;Verticale ed orizzontale;Sereno;Normale;Buona;Sufficiente;0;0;0;3;;;-1;2;Autovettura privata;In marcia / fermata / arresto;Conducente;M;Illeso;0;;Non accertato;Inesploso
1706969;6;27/12/2006 17:00;Strada Urbana;VIA TOR DE' SCHIAVI;da specificare;;;;(parcheggio taxi) alt. civ. 408;Scontro laterale fra veicoli in marcia;Rettilineo;Due carreggiate;Asciutto;Asfaltata;Verticale ed orizzontale;Sereno;Normale;Buona;Sufficiente;0;0;0;3;;;-1;2;Autovettura privata;In marcia / fermata / arresto;Passeggero;F;Illeso;0;;Non accertato;Inesploso
1706970;6;12/12/2006 18:00;Strada Urbana;VIA PRENESTINA;in prossimità;;del civico n. ;351;;Infortunio per caduta del veicolo;Rettilineo;Due carreggiate;Asciutto;Asfaltata;Verticale ed orizzontale;Sereno;Normale;Buona;Sufficiente;0;0;0;2;;;-1;1;Autovettura privata;In marcia / fermata / arresto;Conducente;M;Illeso;0;;Non accertato;Inesistente
1706970;6;12/12/2006 18:00;Strada Urbana;VIA PRENESTINA;in prossimità;;del civico n. ;351;;Infortunio per caduta del veicolo;Rettilineo;Due carreggiate;Asciutto;Asfaltata;Verticale ed orizzontale;Sereno;Normale;Buona;Sufficiente;0;0;0;2;;;-1;2;Motociclo a solo;In marcia / fermata / arresto;Conducente;M;Illeso;0;;Non accertato;Inesistente
1706971;6;27/12/2006 20:50;Strada Urbana;VIA CASILINA;all'intersezione con;VIA FRANCESCO BARACCA;VIA FRANCESCO BARACCA;;;Scontro frontale/laterale DX fra veicoli in marcia;Incrocio;Una carreggiata a senso unico di marcia;Asciutto;Asfaltata;Verticale ed orizzontale;Sereno;Scarso;Buona;Sufficiente;2;0;0;1;;;-1;1;Autovettura privata;In marcia / fermata / arresto;Conducente;M;Illeso;0;;Non accertato;Inesistente
1706971;6;27/12/2006 20:50;Strada Urbana;VIA CASILINA;all'intersezione con;VIA FRANCESCO BARACCA;VIA FRANCESCO BARACCA;;;Scontro frontale/laterale DX fra veicoli in marcia;Incrocio;Una carreggiata a senso unico di marcia;Asciutto;Asfaltata;Verticale ed orizzontale;Sereno;Scarso;Buona;Sufficiente;2;0;0;1;;;-1;2;Motociclo con passeggero;In marcia / fermata / arresto;Conducente;F;Ricoverato;0;NON DECEDUTO;Non accertato;Inesistente
1706971;6;27/12/2006 20:50;Strada Urbana;VIA CASILINA;all'intersezione con;VIA FRANCESCO BARACCA;VIA FRANCESCO BARACCA;;;Scontro frontale/laterale DX fra veicoli in marcia;Incrocio;Una carreggiata a senso unico di marcia;Asciutto;Asfaltata;Verticale ed orizzontale;Sereno;Scarso;Buona;Sufficiente;2;0;0;1;;;-1;2;Motociclo con passeggero;In marcia / fermata / arresto;Passeggero;M;Ricoverato;0;NON DECEDUTO;Utilizzato;Inesistente
1706972;7;27/12/2006 08:40;Strada Urbana;VIA PAPIRIA;all'intersezione con;VIA PONZIO COMINIO;VIA PONZIO COMINIO;;;Scontro frontale/laterale DX fra veicoli in marcia;Incrocio;Una carreggiata a doppio senso;Asciutto;Asfaltata;Verticale ed orizzontale;Sereno;Normale;Buona;Ore Diurne;1;0;0;2;;;-1;1;Autovettura privata;In marcia / fermata / arresto;Conducente;M;Illeso;0;;Non accertato;Inesistente
1706972;7;27/12/2006 08:40;Strada Urbana;VIA PAPIRIA;all'intersezione con;VIA PONZIO COMINIO;VIA PONZIO COMINIO;;;Scontro frontale/laterale DX fra veicoli in marcia;Incrocio;Una carreggiata a doppio senso;Asciutto;Asfaltata;Verticale ed orizzontale;Sereno;Normale;Buona;Ore Diurne;1;0;0;2;;;-1;2;Motociclo a solo;In marcia / fermata / arresto;Conducente;M;Rimandato;0;NON DECEDUTO;Non accertato;Inesistente
1706972;7;27/12/2006 08:40;Strada Urbana;VIA PAPIRIA;all'intersezione con;VIA PONZIO COMINIO;VIA PONZIO COMINIO;;;Scontro frontale/laterale DX fra veicoli in marcia;Incrocio;Una carreggiata a doppio senso;Asciutto;Asfaltata;Verticale ed orizzontale;Sereno;Normale;Buona;Ore Diurne;1;0;0;2;;;-1;3;Autocarro superiore 35 q.;In marcia / fermata / arresto;Conducente;M;Illeso;0;;Non accertato;Inesistente
1706973;7;27/12/2006 12:05;Strada Urbana;VIALE PALMIRO TOGLIATTI;da specificare;;;;dir.Via Casilina 100mt prima V.le dei Romanisti;Scontro laterale fra veicoli in marcia;Rettilineo;Una carreggiata a senso unico di marcia;Asciutto;Asfaltata;Orizzontale;Sereno;Intenso;Buona;Ore Diurne;0;0;0;2;;;-1;1;Autocarro inferiore 35 q.;In marcia / fermata / arresto;Conducente;M;Illeso;0;;Non accertato;Inesistente
1706973;7;27/12/2006 12:05;Strada Urbana;VIALE PALMIRO TOGLIATTI;da specificare;;;;dir.Via Casilina 100mt prima V.le dei Romanisti;Scontro laterale fra veicoli in marcia;Rettilineo;Una carreggiata a senso unico di marcia;Asciutto;Asfaltata;Orizzontale;Sereno;Intenso;Buona;Ore Diurne;0;0;0;2;;;-1;2;Autovettura privata;In marcia / fermata / arresto;Conducente;F;Illeso;0;;Non accertato;Inesistente
1706974;7;27/12/2006 17:10;Strada Urbana;VIA WALTER TOBAGI;all'intersezione con;VIA ROLANDO LANARI;VIA ROLANDO LANARI;;;Scontro laterale fra veicoli in marcia;Incrocio;Una carreggiata a doppio senso;Asciutto;Asfaltata;Verticale ed orizzontale;Sereno;Normale;Buona;Sufficiente;1;0;0;1;;;-1;1;Autovettura privata;In marcia / fermata / arresto;Conducente;F;Rimandato;0;NON DECEDUTO;Non accertato;Inesistente
1706974;7;27/12/2006 17:10;Strada Urbana;VIA WALTER TOBAGI;all'intersezione con;VIA ROLANDO LANARI;VIA ROLANDO LANARI;;;Scontro laterale fra veicoli in marcia;Incrocio;Una carreggiata a doppio senso;Asciutto;Asfaltata;Verticale ed orizzontale;Sereno;Normale;Buona;Sufficiente;1;0;0;1;;;-1;2;Autovettura privata;In marcia / fermata / arresto;Conducente;F;Illeso;0;;Non accertato;Inesistente
1706975;7;27/12/2006 19:45;Strada Urbana;VIA FEDERICO DELPINO;all'intersezione con;VIA FILIPPO PARLATORE;VIA FILIPPO PARLATORE;;;Scontro frontale/laterale DX fra veicoli in marcia;Incrocio;Due carreggiate;Asciutto;Asfaltata;Verticale ed orizzontale;Sereno;Normale;Buona;Sufficiente;2;0;0;1;;;-1;1;Autovettura privata;In marcia / fermata / arresto;Conducente;M;Illeso;0;;Utilizzato;Inesistente
1706975;7;27/12/2006 19:45;Strada Urbana;VIA FEDERICO DELPINO;all'intersezione con;VIA FILIPPO PARLATORE;VIA FILIPPO PARLATORE;;;Scontro frontale/laterale DX fra veicoli in marcia;Incrocio;Due carreggiate;Asciutto;Asfaltata;Verticale ed orizzontale;Sereno;Normale;Buona;Sufficiente;2;0;0;1;;;-1;2;Autovettura privata;In marcia / fermata / arresto;Conducente;M;Rimandato;0;NON DECEDUTO;Non accertato;Inesistente
1706975;7;27/12/2006 19:45;Strada Urbana;VIA FEDERICO DELPINO;all'intersezione con;VIA FILIPPO PARLATORE;VIA FILIPPO PARLATORE;;;Scontro frontale/laterale DX fra veicoli in marcia;Incrocio;Due carreggiate;Asciutto;Asfaltata;Verticale ed orizzontale;Sereno;Normale;Buona;Sufficiente;2;0;0;1;;;-1;2;Autovettura privata;In marcia / fermata / arresto;Passeggero;F;Rimandato;0;NON DECEDUTO;Non accertato;Inesistente
1706976;7;27/12/2006 21:05;Strada Urbana;VIALE ALESSANDRINO;all'intersezione con;VIA DEL PERGOLATO;VIA DEL PERGOLATO;;;Tamponamento;Incrocio;Una carreggiata a doppio senso;Asciutto;Asfaltata;Verticale ed orizzontale;Sereno;Scarso;Buona;Sufficiente;1;0;0;1;;;-1;2;Autovettura privata;In marcia / fermata / arresto;Conducente;M;Rimandato;0;NON DECEDUTO;Non accertato;Inesistente