Protocollo;Gruppo;DataOraIncidente;Localizzazione1;STRADA1;Localizzazione2;STRADA2;Strada02;Chilometrica;DaSpecificare;NaturaIncidente;particolaritastrade;TipoStrada;FondoStradale;Pavimentazione;Segnaletica;CondizioneAtmosferica;Traffico;Visibilita;Illuminazione;NUM_FERITI;NUM_RISERVATA;NUM_MORTI;NUM_ILLESI;Longitudine;Latitudine;Confermato;Progressivo;TipoVeicolo;StatoVeicolo;TipoPersona;Sesso;Tipolesione;Deceduto;DecedutoDopo;CinturaCascoUtilizzato;Airbag
1711486;5;26/12/2006 19:35;Statale entro l'abitato;VIA TIBURTINA;all'intersezione con;VIA DI TOR CERVARA;VIA DI TOR CERVARA;;;Scontro frontale/laterale SX fra veicoli in marcia;Incrocio;Una carreggiata a doppio senso;Asciutto;Asfaltata;Verticale;Sereno;Scarso;Buona;Sufficiente;0;0;0;2;;;-1;2;Autovettura privata;In marcia / fermata / arresto;Conducente;M;Illeso;0;;Non accertato;Inesistente
1711581;5;21/12/2006 15:40;Strada Urbana;VIA DI PIETRALATA;da specificare;;;;prossimità Acqua marcia;Scontro laterale fra veicoli in marcia;Rettilineo;Una carreggiata a doppio senso;Asciutto;Asfaltata;Orizzontale;Sereno;Normale;Buona;Ore Diurne;0;0;0;2;;;-1;1;Ciclomotore;In marcia / fermata / arresto;Conducente;M;Illeso;0;;Non accertato;Inesistente
1711581;5;21/12/2006 15:40;Strada Urbana;VIA DI PIETRALATA;da specificare;;;;prossimità Acqua marcia;Scontro laterale fra veicoli in marcia;Rettilineo;Una carreggiata a doppio senso;Asciutto;Asfaltata;Orizzontale;Sereno;Normale;Buona;Ore Diurne;0;0;0;2;;;-1;2;Autovettura privata;In marcia / fermata / arresto;Conducente;M;Illeso;0;;Non accertato;Inesistente
1711631;12;07/12/2006 02:50;Strada Urbana;VIA CRISTOFORO COLOMBO;all'intersezione con;VIALE EUROPA;VIALE EUROPA;;;Scontro frontale/laterale DX fra veicoli in marcia;Intersezione semaforizzata;Due carreggiate;Asciutto;Asfaltata;Verticale ed orizzontale;Sereno;Scarso;Buona;Sufficiente;1;0;0;1;;;-1;1;Autovettura privata;In marcia / fermata / arresto;Conducente;M;Rimandato;0;NON DECEDUTO;Utilizzato;Inesistente
1711631;12;07/12/2006 02:50;Strada Urbana;VIA CRISTOFORO COLOMBO;all'intersezione con;VIALE EUROPA;VIALE EUROPA;;;Scontro frontale/laterale DX fra veicoli in marcia;Intersezione semaforizzata;Due carreggiate;Asciutto;Asfaltata;Verticale ed orizzontale;Sereno;Scarso;Buona;Sufficiente;1;0;0;1;;;-1;2;Autovettura privata;In marcia / fermata / arresto;Conducente;M;Illeso;0;;Utilizzato;Inesistente
1711632;12;07/12/2006 14:50;Strada Urbana;VIA CESARE FRUGONI;da specificare;;;;pross. via Ostiense;Scontro laterale fra veicoli in marcia;Curva senza visuale libera;Una carreggiata a doppio senso;Bagnato (pioggia);Asfaltata;Assente;Pioggia in atto;Scarso;Buona;Ore Diurne;1;0;0;1;;;-1;1;Autovettura privata;In marcia / fermata / arresto;Conducente;M;Illeso;0;;Utilizzato;Inesistente
1711632;12;07/12/2006 14:50;Strada Urbana;VIA CESARE FRUGONI;da specificare;;;;pross. via Ostiense;Scontro laterale fra veicoli in marcia;Curva senza visuale libera;Una carreggiata a doppio senso;Bagnato (pioggia);Asfaltata;Assente;Pioggia in atto;Scarso;Buona;Ore Diurne;1;0;0;1;;;-1;2;Autovettura privata;In marcia / fermata / arresto;Conducente;M;Rimandato;0;NON DECEDUTO;Utilizzato;Inesistente
1711633;12;07/12/2006 19:45;Strada Urbana;VIA OSTIENSE;all'intersezione con;VIA VALCO DI S. PAOLO;VIA VALCO DI S. PAOLO;;;Scontro frontale/laterale SX fra veicoli in marcia;Incrocio;Una carreggiata a senso unico di marcia;Asciutto;Asfaltata;Verticale ed orizzontale;Sereno;Normale;Buona;Inesistente;0;0;0;2;;;-1;1;Autovettura privata;In marcia / fermata / arresto;Conducente;M;Illeso;0;;Utilizzato;Inesistente
1711633;12;07/12/2006 19:45;Strada Urbana;VIA OSTIENSE;all'intersezione con;VIA VALCO DI S. PAOLO;VIA VALCO DI S. PAOLO;;;Scontro frontale/laterale SX fra veicoli in marcia;Incrocio;Una carreggiata a senso unico di marcia;Asciutto;Asfaltata;Verticale ed orizzontale;Sereno;Normale;Buona;Inesistente;0;0;0;2;;;-1;2;Autovettura privata;In marcia / fermata / arresto;Conducente;M;Illeso;0;;Utilizzato;Inesistente
1711634;12;08/12/2006 00:05;Strada Urbana;VIALE FILIPPO TOMMASO MARINETTI;da specificare;;;;prox. fermata ATAC Joyce;Fuoriuscita dalla sede stradale;Curva a visuale libera;Una carreggiata a senso unico di marcia;Asciutto;Asfaltata;Verticale ed orizzontale;Sereno;Scarso;Buona;Sufficiente;1;0;0;0;;;-1;1;Autovettura privata;In marcia / fermata / arresto;Conducente;M;Rimandato;0;NON DECEDUTO;Utilizzato;Inesistente
1711635;12;08/12/2006 18:00;Strada Urbana;VIALE DELL'UMANESIMO;da specificare;;;;Piazzale Pier Luigi Nervi;Scontro laterale fra veicoli in marcia;Rettilineo;Una carreggiata a doppio senso;Asciutto;Asfaltata;Orizzontale;Nuvoloso;Intenso;Buona;Sufficiente;0;0;0;5;;;-1;1;Autovettura privata;In marcia / fermata / arresto;Conducente;M;Illeso;0;;Utilizzato;Inesistente
1711635;12;08/12/2006 18:00;Strada Urbana;VIALE DELL'UMANESIMO;da specificare;;;;Piazzale Pier Luigi Nervi;Scontro laterale fra veicoli in marcia;Rettilineo;Una carreggiata a doppio senso;Asciutto;Asfaltata;Orizzontale;Nuvoloso;Intenso;Buona;Sufficiente;0;0;0;5;;;-1;1;Autovettura privata;In marcia / fermata / arresto;Passeggero;M;Illeso;0;;Utilizzato;Inesistente
1711635;12;08/12/2006 18:00;Strada Urbana;VIALE DELL'UMANESIMO;da specificare;;;;Piazzale Pier Luigi Nervi;Scontro laterale fra veicoli in marcia;Rettilineo;Una carreggiata a doppio senso;Asciutto;Asfaltata;Orizzontale;Nuvoloso;Intenso;Buona;Sufficiente;0;0;0;5;;;-1;1;Autovettura privata;In marcia / fermata / arresto;Passeggero;M;Illeso;0;;Utilizzato;Inesistente
1711635;12;08/12/2006 18:00;Strada Urbana;VIALE DELL'UMANESIMO;da specificare;;;;Piazzale Pier Luigi Nervi;Scontro laterale fra veicoli in marcia;Rettilineo;Una carreggiata a doppio senso;Asciutto;Asfaltata;Orizzontale;Nuvoloso;Intenso;Buona;Sufficiente;0;0;0;5;;;-1;2;Autovettura privata;In marcia / fermata / arresto;Conducente;F;Illeso;0;;Utilizzato;Inesistente
1711635;12;08/12/2006 18:00;Strada Urbana;VIALE DELL'UMANESIMO;da specificare;;;;Piazzale Pier Luigi Nervi;Scontro laterale fra veicoli in marcia;Rettilineo;Una carreggiata a doppio senso;Asciutto;Asfaltata;Orizzontale;Nuvoloso;Intenso;Buona;Sufficiente;0;0;0;5;;;-1;2;Autovettura privata;In marcia / fermata / arresto;Passeggero;M;Illeso;0;;Utilizzato;Inesistente
1711636;12;08/12/2006 20:05;Strada Urbana;VIA CRISTOFORO COLOMBO;all'intersezione con;VIALE DELL'UMANESIMO;VIALE DELL'UMANESIMO;;;Scontro laterale fra veicoli in marcia;Intersezione semaforizzata;Due carreggiate;Bagnato (pioggia);Asfaltata;Verticale;Pioggia in atto;Normale;Buona;Sufficiente;0;0;0;2;;;-1;1;Autovettura privata;In marcia / fermata / arresto;Conducente;M;Illeso;0;;Utilizzato;Inesploso
1711636;12;08/12/2006 20:05;Strada Urbana;VIA CRISTOFORO COLOMBO;all'intersezione con;VIALE DELL'UMANESIMO;VIALE DELL'UMANESIMO;;;Scontro laterale fra veicoli in marcia;Intersezione semaforizzata;Due carreggiate;Bagnato (pioggia);Asfaltata;Verticale;Pioggia in atto;Normale;Buona;Sufficiente;0;0;0;2;;;-1;2;Motociclo a solo;In marcia / fermata / arresto;Conducente;M;Illeso;0;;Utilizzato;Inesistente
1711637;12;09/12/2006 19:30;;VIA DI ACQUA ACETOSA OSTIENSE;da specificare;;;;altezza sfascio;Veicolo in marcia contro ostacolo accidentale;;;;;;;;;;0;0;0;1;;;0;1;Autocaravan;In marcia / fermata / arresto;Conducente;M;Illeso;0;;;Inesistente
1711638;12;10/12/2006 14:20;;VIALE DELLA LETTERATURA;in prossimità;;del civico n. ;8;;Scontro frontale/laterale SX fra veicoli in marcia;;;;;;;;;;0;0;0;2;;;0;1;Ciclomotore;In marcia / fermata / arresto;Conducente;M;Illeso;0;;;Inesistente
1711638;12;10/12/2006 14:20;;VIALE DELLA LETTERATURA;in prossimità;;del civico n. ;8;;Scontro frontale/laterale SX fra veicoli in marcia;;;;;;;;;;0;0;0;2;;;0;2;Autovettura privata;In marcia / fermata / arresto;Conducente;F;Illeso;0;;;Inesistente
1711640;12;11/12/2006 04:30;;VIA CRISTOFORO COLOMBO;all'intersezione con;CIRCONVALLAZIONE OSTIENSE;CIRCONVALLAZIONE OSTIENSE;;;Tamponamento;;;;;;;;;;0;0;0;2;;;0;1;Autovettura privata;In marcia / fermata / arresto;Conducente;M;Illeso;0;;;Inesistente
1711640;12;11/12/2006 04:30;;VIA CRISTOFORO COLOMBO;all'intersezione con;CIRCONVALLAZIONE OSTIENSE;CIRCONVALLAZIONE OSTIENSE;;;Tamponamento;;;;;;;;;;0;0;0;2;;;0;2;Autovettura privata;In marcia / fermata / arresto;Conducente;M;Illeso;0;;;Inesistente
1711641;12;11/12/2006 17:15;Strada Urbana;VIALE BEETHOVEN;all'intersezione con;VIA DELLA CHIMICA;VIA DELLA CHIMICA;;;Infortunio per caduta del veicolo;Incrocio;Una carreggiata a doppio senso;Asciutto;Asfaltata;Verticale ed orizzontale;Nuvoloso;Normale;Buona;Ore Diurne;1;0;0;0;;;-1;1;Ciclomotore;In marcia / fermata / arresto;Conducente;M;Rimandato;0;NON DECEDUTO;Non accertato;Inesistente
1711642;12;11/12/2006 19:40;Strada Urbana;VIALE UMBERTO TUPINI;all'intersezione con;VIALE AMERICA;VIALE AMERICA;;;Tamponamento;Incrocio;Una carreggiata a doppio senso;Asciutto;Asfaltata;Verticale ed orizzontale;Nuvoloso;Normale;Sufficiente;Sufficiente;1;0;0;1;;;-1;1;Autovettura privata;In marcia / fermata / arresto;Conducente;F;Rifiuta cure immediate;0;NON DECEDUTO;Utilizzato;Inesistente
1711642;12;11/12/2006 19:40;Strada Urbana;VIALE UMBERTO TUPINI;all'intersezione con;VIALE AMERICA;VIALE AMERICA;;;Tamponamento;Incrocio;Una carreggiata a doppio senso;Asciutto;Asfaltata;Verticale ed orizzontale;Nuvoloso;Normale;Sufficiente;Sufficiente;1;0;0;1;;;-1;2;Autovettura privata;In marcia / fermata / arresto;Conducente;M;Illeso;0;;Utilizzato;Inesistente
1711643;12;12/12/2006 12:00;Strada Urbana;VIADOTTO DELLA MAGLIANA;in prossimità;;del palo luce n. ;49;;Veicolo in marcia contro ostacolo fisso;Curva senza visuale libera;Due carreggiate;Asciutto;Asfaltata;Orizzontale;Sereno;Normale;Buona;Ore Diurne;1;0;0;0;;;-1;1;Autovettura privata;In marcia / fermata / arresto;Conducente;M;Rimandato;0;NON DECEDUTO;Utilizzato;Inesistente
1711644;12;12/12/2006 12:40;Strada Urbana;VIA CRISTOFORO COLOMBO;all'intersezione semaforizzata con;PIAZZALE VENTICINQUE MARZO 1957;PIAZZALE VENTICINQUE MARZO 1957;;;Tamponamento;Intersezione semaforizzata;Due carreggiate;Asciutto;Asfaltata;Verticale ed orizzontale;Sereno;Intenso;Buona;Ore Diurne;2;0;0;0;;;-1;1;Autovettura privata;In marcia / fermata / arresto;Conducente;F;Rimandato;0;NON DECEDUTO;Utilizzato;Inesistente
1711644;12;12/12/2006 12:40;Strada Urbana;VIA CRISTOFORO COLOMBO;all'intersezione semaforizzata con;PIAZZALE VENTICINQUE MARZO 1957;PIAZZALE VENTICINQUE MARZO 1957;;;Tamponamento;Intersezione semaforizzata;Due carreggiate;Asciutto;Asfaltata;Verticale ed orizzontale;Sereno;Intenso;Buona;Ore Diurne;2;0;0;0;;;-1;2;Autovettura privata;In marcia / fermata / arresto;Conducente;F;Rimandato;0;NON DECEDUTO;Utilizzato;Inesistente
1711645;12;14/12/2006 13:30;Strada Urbana;VIA ELIO CHIANESI;all'intersezione con;PIAZZA DOMENICO QUARANTA;PIAZZA DOMENICO QUARANTA;;;Scontro frontale/laterale DX fra veicoli in marcia;Intersezione stradale segnalata;Una carreggiata a doppio senso;Asciutto;Asfaltata;Verticale ed orizzontale;Sereno;Normale;Buona;Ore Diurne;0;0;0;2;;;-1;1;Autovettura privata;In marcia / fermata / arresto;Conducente;F;Illeso;0;;Utilizzato;Inesistente
1711645;12;14/12/2006 13:30;Strada Urbana;VIA ELIO CHIANESI;all'intersezione con;PIAZZA DOMENICO QUARANTA;PIAZZA DOMENICO QUARANTA;;;Scontro frontale/laterale DX fra veicoli in marcia;Intersezione stradale segnalata;Una carreggiata a doppio senso;Asciutto;Asfaltata;Verticale ed orizzontale;Sereno;Normale;Buona;Ore Diurne;0;0;0;2;;;-1;2;Autovettura privata;In marcia / fermata / arresto;Conducente;F;Illeso;0;;Utilizzato;Inesistente
1711646;12;14/12/2006 17:35;Strada Urbana;VIA CRISTOFORO COLOMBO;all'intersezione con;VIALE EUROPA;VIALE EUROPA;;;Scontro frontale/laterale DX fra veicoli in marcia;Intersezione semaforizzata;Due carreggiate;Asciutto;Asfaltata;Verticale ed orizzontale;Nuvoloso;Intenso;Buona;Sufficiente;0;0;0;2;;;-1;1;Autovettura privata;In marcia / fermata / arresto;Conducente;F;Illeso;0;;Utilizzato;Inesistente
1711646;12;14/12/2006 17:35;Strada Urbana;VIA CRISTOFORO COLOMBO;all'intersezione con;VIALE EUROPA;VIALE EUROPA;;;Scontro frontale/laterale DX fra veicoli in marcia;Intersezione semaforizzata;Due carreggiate;Asciutto;Asfaltata;Verticale ed orizzontale;Nuvoloso;Intenso;Buona;Sufficiente;0;0;0;2;;;-1;2;Autovettura privata;In marcia / fermata / arresto;Conducente;M;Illeso;0;;Utilizzato;Inesistente
1711647;12;21/12/2006 13:30;Strada Urbana;VIALE CESARE PAVESE;all'intersezione con;VIA ELIO VITTORINI;VIA ELIO VITTORINI;;;Scontro frontale/laterale DX fra veicoli in marcia;Incrocio;Due carreggiate;Asciutto;Asfaltata;Verticale ed orizzontale;Sereno;Normale;Buona;Ore Diurne;0;0;0;4;;;-1;1;Autovettura privata;In marcia / fermata / arresto;Conducente;M;Illeso;0;;Utilizzato;Inesistente
1711647;12;21/12/2006 13:30;Strada Urbana;VIALE CESARE PAVESE;all'intersezione con;VIA ELIO VITTORINI;VIA ELIO VITTORINI;;;Scontro frontale/laterale DX fra veicoli in marcia;Incrocio;Due carreggiate;Asciutto;Asfaltata;Verticale ed orizzontale;Sereno;Normale;Buona;Ore Diurne;0;0;0;4;;;-1;1;Autovettura privata;In marcia / fermata / arresto;Passeggero;M;Illeso;0;;Utilizzato;Inesistente
1711647;12;21/12/2006 13:30;Strada Urbana;VIALE CESARE PAVESE;all'intersezione con;VIA ELIO VITTORINI;VIA ELIO VITTORINI;;;Scontro frontale/laterale DX fra veicoli in marcia;Incrocio;Due carreggiate;Asciutto;Asfaltata;Verticale ed orizzontale;Sereno;Normale;Buona;Ore Diurne;0;0;0;4;;;-1;2;Autovettura privata;In marcia / fermata / arresto;Conducente;F;Illeso;0;;Utilizzato;Inesistente
1711647;12;21/12/2006 13:30;Strada Urbana;VIALE CESARE PAVESE;all'intersezione con;VIA ELIO VITTORINI;VIA ELIO VITTORINI;;;Scontro frontale/laterale DX fra veicoli in marcia;Incrocio;Due carreggiate;Asciutto;Asfaltata;Verticale ed orizzontale;Sereno;Normale;Buona;Ore Diurne;0;0;0;4;;;-1;2;Autovettura privata;In marcia / fermata / arresto;Passeggero;F;Illeso;0;;Utilizzato;Inesistente
1711683;17;23/12/2006 01:00;Strada Urbana;VIA CANDIA;da specificare;;;;altezza Via Candia;Scontro laterale fra veicoli in marcia;Rettilineo;Una carreggiata a doppio senso;Asciutto;Asfaltata;Assente;Sereno;Normale;Sufficiente;Sufficiente;0;0;0;3;;;-1;1;Autovettura privata;In marcia / fermata / arresto;Conducente;M;Illeso;0;;Utilizzato;Inesploso
1711683;17;23/12/2006 01:00;Strada Urbana;VIA CANDIA;da specificare;;;;altezza Via Candia;Scontro laterale fra veicoli in marcia;Rettilineo;Una carreggiata a doppio senso;Asciutto;Asfaltata;Assente;Sereno;Normale;Sufficiente;Sufficiente;0;0;0;3;;;-1;1;Autovettura privata;In marcia / fermata / arresto;Passeggero;F;Illeso;0;;Utilizzato;Inesploso
1711683;17;23/12/2006 01:00;Strada Urbana;VIA CANDIA;da specificare;;;;altezza Via Candia;Scontro laterale fra veicoli in marcia;Rettilineo;Una carreggiata a doppio senso;Asciutto;Asfaltata;Assente;Sereno;Normale;Sufficiente;Sufficiente;0;0;0;3;;;-1;2;Autovettura privata;In marcia / fermata / arresto;Conducente;M;Illeso;0;;Utilizzato;Inesploso
1711684;17;23/12/2006 15:20;Strada Urbana;VIA SANTAMAURA;all'intersezione con;VIA CANDIA;VIA CANDIA;;;Scontro laterale fra veicoli in marcia;Incrocio;Una carreggiata a senso unico di marcia;Asciutto;Asfaltata;Verticale ed orizzontale;Sereno;Normale;Buona;Ore Diurne;0;0;0;2;;;-1;1;Autovettura privata;In marcia / fermata / arresto;Conducente;F;Illeso;0;;Utilizzato;Inesistente
1711684;17;23/12/2006 15:20;Strada Urbana;VIA SANTAMAURA;all'intersezione con;VIA CANDIA;VIA CANDIA;;;Scontro laterale fra veicoli in marcia;Incrocio;Una carreggiata a senso unico di marcia;Asciutto;Asfaltata;Verticale ed orizzontale;Sereno;Normale;Buona;Ore Diurne;0;0;0;2;;;-1;2;Motociclo a solo;In marcia / fermata / arresto;Conducente;M;Illeso;0;;Utilizzato;Inesistente
1711685;17;25/12/2006 01:05;Strada Urbana;LUNGOTEVERE IN SASSIA;all'intersezione semaforizzata con;PONTE PRINCIPE AMEDEO SAVOIA AOSTA;PONTE PRINCIPE AMEDEO SAVOIA AOSTA;;;Scontro laterale fra veicoli in marcia;Intersezione semaforizzata;Una carreggiata a senso unico di marcia;Asciutto;Asfaltata;Verticale ed orizzontale;Sereno;Normale;Sufficiente;Sufficiente;0;0;0;5;;;-1;1;Autovettura privata;In marcia / fermata / arresto;Conducente;M;Illeso;0;;Utilizzato;Inesistente
1711685;17;25/12/2006 01:05;Strada Urbana;LUNGOTEVERE IN SASSIA;all'intersezione semaforizzata con;PONTE PRINCIPE AMEDEO SAVOIA AOSTA;PONTE PRINCIPE AMEDEO SAVOIA AOSTA;;;Scontro laterale fra veicoli in marcia;Intersezione semaforizzata;Una carreggiata a senso unico di marcia;Asciutto;Asfaltata;Verticale ed orizzontale;Sereno;Normale;Sufficiente;Sufficiente;0;0;0;5;;;-1;1;Autovettura privata;In marcia / fermata / arresto;Passeggero;F;Illeso;0;;Non accertato;Inesistente
1711685;17;25/12/2006 01:05;Strada Urbana;LUNGOTEVERE IN SASSIA;all'intersezione semaforizzata con;PONTE PRINCIPE AMEDEO SAVOIA AOSTA;PONTE PRINCIPE AMEDEO SAVOIA AOSTA;;;Scontro laterale fra veicoli in marcia;Intersezione semaforizzata;Una carreggiata a senso unico di marcia;Asciutto;Asfaltata;Verticale ed orizzontale;Sereno;Normale;Sufficiente;Sufficiente;0;0;0;5;;;-1;1;Autovettura privata;In marcia / fermata / arresto;Passeggero;F;Illeso;0;;Non accertato;Inesistente
1711685;17;25/12/2006 01:05;Strada Urbana;LUNGOTEVERE IN SASSIA;all'intersezione semaforizzata con;PONTE PRINCIPE AMEDEO SAVOIA AOSTA;PONTE PRINCIPE AMEDEO SAVOIA AOSTA;;;Scontro laterale fra veicoli in marcia;Intersezione semaforizzata;Una carreggiata a senso unico di marcia;Asciutto;Asfaltata;Verticale ed orizzontale;Sereno;Normale;Sufficiente;Sufficiente;0;0;0;5;;;-1;1;Autovettura privata;In marcia / fermata / arresto;Passeggero;F;Illeso;0;;Non accertato;Inesistente
1711685;17;25/12/2006 01:05;Strada Urbana;LUNGOTEVERE IN SASSIA;all'intersezione semaforizzata con;PONTE PRINCIPE AMEDEO SAVOIA AOSTA;PONTE PRINCIPE AMEDEO SAVOIA AOSTA;;;Scontro laterale fra veicoli in marcia;Intersezione semaforizzata;Una carreggiata a senso unico di marcia;Asciutto;Asfaltata;Verticale ed orizzontale;Sereno;Normale;Sufficiente;Sufficiente;0;0;0;5;;;-1;2;Autovettura privata;In marcia / fermata / arresto;Conducente;F;Illeso;0;;Utilizzato;Inesistente
1711688;18;22/12/2006 09:00;Strada Urbana;VIA DI TORRE ROSSA;in corrispondenza;;del civico n. ;35;;Scontro frontale/laterale DX fra veicoli in marcia;Rettilineo;Una carreggiata a doppio senso;Asciutto;Asfaltata;Orizzontale;Sereno;Normale;Buona;Ore Diurne;1;0;0;1;;;-1;1;Autocarro inferiore 35 q.;In marcia / fermata / arresto;Conducente;M;Illeso;0;;Non accertato;Inesistente
1711688;18;22/12/2006 09:00;Strada Urbana;VIA DI TORRE ROSSA;in corrispondenza;;del civico n. ;35;;Scontro frontale/laterale DX fra veicoli in marcia;Rettilineo;Una carreggiata a doppio senso;Asciutto;Asfaltata;Orizzontale;Sereno;Normale;Buona;Ore Diurne;1;0;0;1;;;-1;2;Ciclomotore;In marcia / fermata / arresto;Conducente;F;Rifiuta cure immediate;0;NON DECEDUTO;Non accertato;Inesistente
1711689;18;27/12/2006 00:30;Strada Urbana;VIA DEI SAVORELLI;in prossimità;;del civico n. ;99;;Scontro frontale/laterale DX fra veicoli in marcia;Curva senza visuale libera;Una carreggiata a doppio senso;Asciutto;Asfaltata;Assente;Sereno;Scarso;Sufficiente;Sufficiente;0;0;0;6;;;-1;1;Autovettura privata;In marcia / fermata / arresto;Conducente;M;Illeso;0;;Non accertato;Inesploso
1711689;18;27/12/2006 00:30;Strada Urbana;VIA DEI SAVORELLI;in prossimità;;del civico n. ;99;;Scontro frontale/laterale DX fra veicoli in marcia;Curva senza visuale libera;Una carreggiata a doppio senso;Asciutto;Asfaltata;Assente;Sereno;Scarso;Sufficiente;Sufficiente;0;0;0;6;;;-1;1;Autovettura privata;In marcia / fermata / arresto;Passeggero;F;Illeso;0;;Non accertato;Inesploso
1711689;18;27/12/2006 00:30;Strada Urbana;VIA DEI SAVORELLI;in prossimità;;del civico n. ;99;;Scontro frontale/laterale DX fra veicoli in marcia;Curva senza visuale libera;Una carreggiata a doppio senso;Asciutto;Asfaltata;Assente;Sereno;Scarso;Sufficiente;Sufficiente;0;0;0;6;;;-1;2;Autovettura privata;In marcia / fermata / arresto;Conducente;M;Illeso;0;;Non accertato;Inesistente
1711689;18;27/12/2006 00:30;Strada Urbana;VIA DEI SAVORELLI;in prossimità;;del civico n. ;99;;Scontro frontale/laterale DX fra veicoli in marcia;Curva senza visuale libera;Una carreggiata a doppio senso;Asciutto;Asfaltata;Assente;Sereno;Scarso;Sufficiente;Sufficiente;0;0;0;6;;;-1;2;Autovettura privata;In marcia / fermata / arresto;Passeggero;M;Illeso;0;;Non accertato;Inesistente
1711689;18;27/12/2006 00:30;Strada Urbana;VIA DEI SAVORELLI;in prossimità;;del civico n. ;99;;Scontro frontale/laterale DX fra veicoli in marcia;Curva senza visuale libera;Una carreggiata a doppio senso;Asciutto;Asfaltata;Assente;Sereno;Scarso;Sufficiente;Sufficiente;0;0;0;6;;;-1;2;Autovettura privata;In marcia / fermata / arresto;Passeggero;M;Illeso;0;;Non accertato;Inesistente
1711741;5;26/12/2006 17:20;Strada Urbana;VIA TIBURTINA;in prossimità;;del civico n. ;779;;Veicolo in marcia contro ostacolo fisso;Rettilineo;Due carreggiate;Asciutto;Asfaltata;Verticale ed orizzontale;Sereno;Scarso;Buona;Sufficiente;0;0;0;1;;;-1;1;Autovettura privata;In marcia / fermata / arresto;Conducente;M;Illeso;0;;Non accertato;Inesploso
1711793;12;12/12/2006 08:45;Strada Urbana;VIA LAURENTINA;all'intersezione con;VIA DEI SOMMOZZATORI;VIA DEI SOMMOZZATORI;;;Scontro frontale/laterale SX fra veicoli in marcia;Incrocio;Due carreggiate;Asciutto;Asfaltata;Verticale ed orizzontale;Sereno;Intenso;Buona;Ore Diurne;1;0;0;1;;;-1;1;Motociclo a solo;In marcia / fermata / arresto;Conducente;M;Rimandato;0;NON DECEDUTO;Utilizzato;Inesistente
1711793;12;12/12/2006 08:45;Strada Urbana;VIA LAURENTINA;all'intersezione con;VIA DEI SOMMOZZATORI;VIA DEI SOMMOZZATORI;;;Scontro frontale/laterale SX fra veicoli in marcia;Incrocio;Due carreggiate;Asciutto;Asfaltata;Verticale ed orizzontale;Sereno;Intenso;Buona;Ore Diurne;1;0;0;1;;;-1;2;Motociclo a solo;In marcia / fermata / arresto;Conducente;M;Illeso;0;;Utilizzato;Inesistente
1711794;12;12/12/2006 11:55;Strada Urbana;VIALE UMBERTO TUPINI;all'intersezione con;VIALE EUROPA;VIALE EUROPA;;;Scontro frontale/laterale SX fra veicoli in marcia;Incrocio;Una carreggiata a doppio senso;Asciutto;Asfaltata;Verticale ed orizzontale;Sereno;Normale;Buona;Ore Diurne;0;0;0;2;;;-1;1;Autovettura privata;In marcia / fermata / arresto;Conducente;M;Illeso;0;;Utilizzato;Inesistente
1711794;12;12/12/2006 11:55;Strada Urbana;VIALE UMBERTO TUPINI;all'intersezione con;VIALE EUROPA;VIALE EUROPA;;;Scontro frontale/laterale SX fra veicoli in marcia;Incrocio;Una carreggiata a doppio senso;Asciutto;Asfaltata;Verticale ed orizzontale;Sereno;Normale;Buona;Ore Diurne;0;0;0;2;;;-1;2;Autovettura privata;In marcia / fermata / arresto;Conducente;F;Illeso;0;;Utilizzato;Inesistente
1711795;12;12/12/2006 12:40;Strada Urbana;VIA DEI BOCCABELLI;da specificare;;;;area di parcheggio Panorama;Veicolo in marcia contro veicolo in sosta;Rettilineo;Più di due carreggiate;Asciutto;Asfaltata;Verticale ed orizzontale;Sereno;Intenso;Buona;Ore Diurne;0;0;0;1;;;-1;1;Autovettura privata;In marcia / fermata / arresto;Conducente;F;Illeso;0;;Utilizzato;Inesistente
1711796;12;12/12/2006 15:10;Strada Urbana;VIADOTTO DELLA MAGLIANA;da specificare;;;;dir. Laurentina 150 mt. da via del Cappellaccio;Infortunio per caduta del veicolo;Rettilineo;Due carreggiate;Asciutto;Asfaltata;Verticale ed orizzontale;Sereno;Normale;Buona;Ore Diurne;1;0;0;0;;;-1;1;Motociclo a solo;In marcia / fermata / arresto;Conducente;M;Ricoverato;0;NON DECEDUTO;Utilizzato;Inesistente
1711797;12;12/12/2006 15:10;Strada Urbana;VIADOTTO DELLA MAGLIANA;da specificare;;;;alt. confluenza autostrada e rampa viadotto;Scontro laterale fra veicoli in marcia;Pendenza;Due carreggiate;Asciutto;Asfaltata;Verticale ed orizzontale;Sereno;Normale;Buona;Ore Diurne;0;0;0;2;;;-1;1;Autovettura privata;In marcia / fermata / arresto;Conducente;M;Illeso;0;;Utilizzato;Inesistente
1711797;12;12/12/2006 15:10;Strada Urbana;VIADOTTO DELLA MAGLIANA;da specificare;;;;alt. confluenza autostrada e rampa viadotto;Scontro laterale fra veicoli in marcia;Pendenza;Due carreggiate;Asciutto;Asfaltata;Verticale ed orizzontale;Sereno;Normale;Buona;Ore Diurne;0;0;0;2;;;-1;2;Autovettura privata;In marcia / fermata / arresto;Conducente;M;Illeso;0;;Utilizzato;Inesistente
1711798;12;12/12/2006 17:00;Strada Urbana;VIA CRISTOFORO COLOMBO;all'intersezione con;VIALE DON PASQUINO BORGHI;VIALE DON PASQUINO BORGHI;;;Veicolo in marcia contro ostacolo accidentale;Intersezione stradale segnalata;Più di due carreggiate;Asciutto;Asfaltata;Verticale ed orizzontale;Sereno;Normale;Insufficiente;Inesistente;0;0;0;1;;;-1;1;Autovettura privata;In marcia / fermata / arresto;Conducente;M;Illeso;0;;Utilizzato;Inesistente